student_id,first_name,last_name,email,department,year_of_study
c0da1d92-cd4e-4911-a19b-83cbf0c2e3a2,Vivia,Milson,.@yopmail.com,Colombia,2020-08-18
d018a796-a62a-4efc-83a9-bda11b94ce94,Caritta,Miru,.@yopmail.com,Bahamas,2021-06-04
99d38c39-5414-4b7f-baff-c49c5858d285,Fawne,Flyn,.@yopmail.com,Puerto Rico,2020-08-02
978c219a-82e4-48f9-af5b-7a8ffea57a60,Lelah,Weide,.@yopmail.com,Bolivia,2024-09-26
33317c10-4791-4b84-8f85-d0664b4e4da6,Elsie,Bebe,.@yopmail.com,Reunion,2022-03-20
8607757f-6009-4132-821e-0f9eee9e1d11,Flo,Nikaniki,.@yopmail.com,Costa Rica,2023-05-13
d8e808c3-23ed-461f-b0cb-0fe6067b2309,Clementine,Eachern,.@yopmail.com,Cayman Islands,2022-10-05
db0b68bd-eb06-43db-a870-da4b187f47f5,Adelle,Colp,.@yopmail.com,Lebanon,2022-06-20
a68d9e6d-8f55-4844-b5e9-ac8a6e0a21b1,Rosanne,Morgun,.@yopmail.com,Brazil,2024-10-28
ea909dbe-5f9b-4d43-aed8-359ea087ff60,Bettine,Christine,.@yopmail.com,Seychelles,2021-04-01
0f2ef1c9-ad50-451c-9936-38781e1acceb,Corly,Israeli,.@yopmail.com,Nicaragua,2024-04-21
37d1be9c-2eee-4d9b-9dbe-5479dd6a3376,Dorene,Arvo,.@yopmail.com,Greece,2021-10-09
ce15fb83-21ad-419f-9d3b-cfb2027e7636,Dotty,Bashemeth,.@yopmail.com,Azerbaijan,2022-07-31
bd9333ae-4065-4803-b237-008338e24f85,Kirbee,Zrike,.@yopmail.com,Kiribati,2022-04-20
32ab5cae-6ca8-4eb7-a8dc-ed63efcd8365,Jolyn,Maurine,.@yopmail.com,"Virgin Islands, U.S.",2024-06-09
3f5b94d0-9cc0-44a5-8e1a-e74726cded59,Alia,Terencio,.@yopmail.com,Fiji,2023-04-22
094af097-bcf4-4c48-b171-9f6db8410cd6,Shirlee,Flita,.@yopmail.com,Saint Pierre and Miquelon,2024-09-06
09da17d0-3d20-436b-b861-8e314a4bde73,Augustine,Kirstin,.@yopmail.com,Russian Federation,2022-04-05
2c197001-ff65-4ea7-81d1-7c6ca1bab6f5,Winifred,Lea,.@yopmail.com,Nicaragua,2021-09-24
f4d2b36b-7917-4ac5-8cd9-cf851c96b845,Almeta,Rooney,.@yopmail.com,Saint Kitts and Nevis,2022-11-06
86b81a8e-c314-4f40-a937-c9cb135c1dc0,Deane,Shuler,.@yopmail.com,Syrian Arab Republic,2021-08-07
feb4ff64-cff2-44c5-a0df-aab0ef59aafa,Marti,Brian,.@yopmail.com,"Micronesia, Federated States of",2021-03-07
b53fcd02-aea1-4797-94b4-582e07768484,Roxane,Kress,.@yopmail.com,Djibouti,2022-10-16
0f3c0fb3-8a92-48b0-8a64-e15582b65dd6,Clarice,Ellerey,.@yopmail.com,Panama,2022-09-11
4f309b00-f198-49cc-8642-78348c01b2aa,Elmira,Jammal,.@yopmail.com,Congo,2020-04-17
d4af04e4-52bc-4d44-9e71-ce45de90640e,Dorene,Mauer,.@yopmail.com,Angola,2022-01-16
f1d483d4-f180-459e-9e3b-b2560f986b97,Thalia,Yam,.@yopmail.com,Portugal,2020-11-02
e689b7e5-0cc0-4ac2-956f-3239f6afaaf1,Tiffie,Imelida,.@yopmail.com,Jamaica,2020-12-30
5fef94ec-04fc-4cb4-8930-acb60387a032,Mariann,Sigfrid,.@yopmail.com,"Iran, Islamic Republic Of",2020-10-12
09307366-aa43-4d14-a73f-36f0a84bc19e,Minne,Mandler,.@yopmail.com,Palau,2023-07-03
061a164e-ba6a-48f2-9253-f3a3869bd074,Silvana,Allys,.@yopmail.com,Timor-Leste,2021-02-02
0a52b6eb-ca71-40c5-886c-2978db8aa529,Edee,Shaver,.@yopmail.com,Tokelau,2022-03-05
3c57927e-0956-48fd-ba7a-bb505f867123,Carmela,Fillbert,.@yopmail.com,Gabon,2024-03-08
fb88e8f4-d1ac-44b4-a11e-e0f0186fe1a2,Lyssa,Sophronia,.@yopmail.com,Pitcairn,2021-09-12
7130b270-6ec2-4837-a871-037c7f65dfcd,Brooks,Rurik,.@yopmail.com,Pitcairn,2022-09-24
80e91986-3c97-41be-b15d-0454f72cc6c4,Sharlene,Goth,.@yopmail.com,Comoros,2020-04-10
7f3884d9-ce67-45c4-b265-d6f0a1589c1e,Queenie,Anton,.@yopmail.com,Togo,2020-10-28
b2060981-79fd-4b29-967e-a74fe7d36473,Nannie,Llovera,.@yopmail.com,Trinidad and Tobago,2022-05-20
419352c9-0f7d-464a-ac1b-5c13b7d9ee3c,Amelia,Fillbert,.@yopmail.com,China,2024-07-26
e58fe378-305b-4158-8243-48d5bf364f5a,Betta,Robertson,.@yopmail.com,"Macedonia, The Former Yugoslav Republic of",2024-04-19
64c2ff85-9278-48c6-9914-86680704c2cf,Stevana,Larochelle,.@yopmail.com,Puerto Rico,2023-11-15
acca390b-6814-45f9-8619-bba64260d1af,Hollie,Randene,.@yopmail.com,Latvia,2021-03-18
0b0fcf9a-39e6-42dc-a009-a121e68d46b7,Elbertina,Anderea,.@yopmail.com,Viet Nam,2021-01-10
fdfaa93e-0600-4bd2-9576-4f70220357d7,Corly,Nicoline,.@yopmail.com,French Southern Territories,2022-03-23
a5169f8c-25d7-4ae5-8a9d-6899b3f2bade,Dari,Herrera,.@yopmail.com,Belarus,2020-01-13
a07e2328-39d3-4fed-a69d-05a847c33227,Siana,Melleta,.@yopmail.com,Macao,2024-06-23
24137b58-9565-43dd-b2eb-c838ec6f8c77,Jenilee,Sidonius,.@yopmail.com,Bosnia and Herzegovina,2020-07-21
f2466123-efe2-4f1e-841f-d15cec2899a9,Sam,Lia,.@yopmail.com,Viet Nam,2024-08-27
211e52c3-d06a-43d7-8f01-33c557aaf5c7,Norine,Konyn,.@yopmail.com,Central African Republic,2021-08-02
9dabfd59-5170-46d8-8b8a-0c1be45a7a47,Adriana,Desai,.@yopmail.com,"Congo, The Democratic Republic of the",2020-06-05
7b6581a1-0007-47c9-b7c0-12d01e33494f,Robbi,Sallyann,.@yopmail.com,Liberia,2024-11-01
295b4a68-c368-4103-b90a-78367967a1f0,Berget,Read,.@yopmail.com,Portugal,2022-03-19
26648922-cc2e-40b7-8ff9-ca8d8acb80d5,Jorry,Desai,.@yopmail.com,Senegal,2022-06-08
c2b05e81-b5c8-483b-8372-4fe40daa13fc,Mireielle,Hewitt,.@yopmail.com,French Guiana,2021-03-30
960b4cfc-ac5b-4d97-b1c4-a409cb042c29,Riannon,Milde,.@yopmail.com,"Korea, Republic of",2020-10-28
a9a40494-5d7d-4430-a3f1-445f07733532,Allyce,Braun,.@yopmail.com,Albania,2020-08-09
b39ec5ca-7c79-46b0-ba2b-053959163dd0,Augustine,Bouchard,.@yopmail.com,Aruba,2021-12-12
77a3d94b-b88e-4b22-91e2-a012279b9d5c,Vivia,Cath,.@yopmail.com,Northern Mariana Islands,2023-03-18
d67b7ed3-6bef-4f24-9a4e-7bf718790413,Rani,Hull,.@yopmail.com,Singapore,2020-06-19
4f7e12e1-57fb-4608-8c30-843913f8a43f,Teriann,Fry,.@yopmail.com,India,2023-06-02
87b67a92-6bf5-4adc-927b-d4bdff6f5f75,Annice,Chapland,.@yopmail.com,Brunei Darussalam,2023-04-20
837b4ed0-1f93-45a2-a145-1f8492c381f3,Trudie,Ephrem,.@yopmail.com,Isle of Man,2021-04-19
598da7cc-b4f6-498e-8396-f542e368a9be,Maridel,Dawkins,.@yopmail.com,Cocos (Keeling) Islands,2024-08-02
cba715bd-52ba-49ed-b0ce-e4c153b918b1,Ada,Pyle,.@yopmail.com,Madagascar,2021-05-24
39624e1b-b126-4273-adca-437b769cdce4,Clarice,Dannye,.@yopmail.com,Malta,2022-07-15
c2607ad6-a4b7-434c-a420-392dd9f55efc,Correy,Khorma,.@yopmail.com,Reunion,2022-04-27
95c5115c-ef6e-4622-9259-9808f5ff08e8,Berta,Phaidra,.@yopmail.com,Malaysia,2023-07-13
f2400b2c-0cff-4374-beef-697fd03f5958,Jemie,O'Carroll,.@yopmail.com,Bhutan,2023-08-10
38fcfcc5-6f05-4452-baf8-7068241f3294,Hermione,Cath,.@yopmail.com,Tuvalu,2023-05-05
d7ff6d8b-43cd-4271-877d-48cb8a5c31c1,Moyna,Diann,.@yopmail.com,Uruguay,2023-09-07
350261ee-08a6-49d5-901e-219b3f423d9a,Wileen,Fontana,.@yopmail.com,Serbia and Montenegro,2021-09-20
ef7fe3a0-ce0c-4b1c-9345-0d7d728d40cd,Kellen,Land,.@yopmail.com,"Congo, The Democratic Republic of the",2022-12-01
29bb9956-3e38-4a32-8a8b-f55f43c75745,Blake,Drus,.@yopmail.com,Turkmenistan,2021-12-10
b0ee1c19-1d1b-4a48-8fe3-9a78f61486aa,Gabriellia,Mayeda,.@yopmail.com,China,2024-09-04
1762bea7-80a4-4a24-b889-1345dd6ecebc,Jaime,Jillane,.@yopmail.com,Israel,2023-09-10
9b0d8d91-38c8-479b-8581-b7b65b846cdc,Collen,Sperling,.@yopmail.com,Costa Rica,2021-12-21
4c4301d6-0ec1-4784-9e7e-1d3fcc951975,Collen,Louanna,.@yopmail.com,Afghanistan,2021-04-30
678ec651-e02f-4757-b846-614a69ad7bea,Janenna,Telfer,.@yopmail.com,Cayman Islands,2024-09-01
b14a0140-0552-43db-b329-6f59169134dd,Albertina,Lory,.@yopmail.com,Western Sahara,2023-11-04
14c2c4ff-5129-42ff-817a-fc966f0cd765,Vanessa,Rugen,.@yopmail.com,Uruguay,2021-07-01
c91a50aa-8b49-49cf-90f0-43eae4e891f7,Shauna,Douglass,.@yopmail.com,Thailand,2022-09-29
3ffb5400-d4bf-45b0-a61f-969e6fa7daff,Jan,Gwenore,.@yopmail.com,Tokelau,2021-02-07
3160ab7d-2816-4ec6-ade9-23d55b21d6f8,Rosanne,Plato,.@yopmail.com,Guinea,2023-06-16
3d31aec4-780a-4703-aa9e-e472c1bc5f55,Carilyn,Morehouse,.@yopmail.com,Norfolk Island,2021-04-08
9e338c86-39e4-4947-a20e-545f88d55a59,Ellette,Jobi,.@yopmail.com,El Salvador,2022-11-04
f72cf437-20a7-4d12-a653-9aeeb2a86b43,Raquela,Gregrory,.@yopmail.com,Sri Lanka,2020-01-16
a74181ad-9dab-4421-b75d-3736ac7b0df1,Malina,Cleo,.@yopmail.com,Liberia,2023-03-02
bf5f7bfb-a44b-460d-9371-2f893e6f2c77,Julieta,Standing,.@yopmail.com,"Congo, The Democratic Republic of the",2021-11-23
7b741138-6c66-4aeb-b777-1716ad998b76,Gwenneth,Alexandr,.@yopmail.com,Gabon,2020-10-29
5c244c6d-2ef2-4e68-a075-9349397ff6f7,Amii,Phaidra,.@yopmail.com,Bahamas,2022-09-19
3849c92a-e683-4a25-8775-9749e2e0ce59,Alia,Mullane,.@yopmail.com,Maldives,2021-01-18
9d0b7d5a-6724-4a33-a633-2de8b3968ac6,Edith,Hepsibah,.@yopmail.com,Swaziland,2024-12-28
1d3dc4a2-b047-41b1-9b91-32bed22a9f6b,Tomasina,Seumas,.@yopmail.com,Peru,2023-10-07
08ac84d8-949f-443f-b81c-93b27aa89336,Betta,Toni,.@yopmail.com,Lithuania,2021-11-20
517c6ee4-d9e6-4c90-9898-63c7d83bbe23,Laurene,Adrienne,.@yopmail.com,Saint Lucia,2023-05-22
d0d878ba-a61d-48b4-987d-06c4658460a7,Viki,Kare,.@yopmail.com,Swaziland,2020-03-04
60ea2f9e-0f95-42b0-ade4-d753e5a687c6,Ann-Marie,Delp,.@yopmail.com,Saudi Arabia,2021-01-25
0cefc8af-430b-45f0-b5ab-88e8685fba12,Taffy,Barrus,.@yopmail.com,Netherlands Antilles,2021-03-20
faeecdaa-8dc1-4165-bc25-f04ab33633d5,Danika,Vernier,.@yopmail.com,Mexico,2024-11-12
e4daa37f-d25a-4f2e-9247-0eb4c927d475,Keelia,Wenda,.@yopmail.com,Saint Vincent and the Grenadines,2023-06-28
9347c225-271c-4095-a3ae-2a9c9ce536da,Binny,Nunci,.@yopmail.com,Falkland Islands (Malvinas),2020-07-14
8cfea85b-0320-4159-854e-e51e5d15aecf,Bee,Allina,.@yopmail.com,Bulgaria,2020-07-19
07766ba0-c06c-4ddc-aa0e-26fd8961068e,Adelle,Oscar,.@yopmail.com,French Guiana,2020-10-22
6a8c02d7-95b0-413f-a072-d724f13940db,Robinia,Monk,.@yopmail.com,Jamaica,2023-06-25
445a8e2b-9381-4407-b48e-aa951606920f,Ernesta,Campball,.@yopmail.com,Western Sahara,2022-06-26
9b5660a1-853b-4056-87d8-770cafc7b0e4,Tabbatha,Catie,.@yopmail.com,New Zealand,2022-10-31
b91feffa-ddf0-4101-905a-711473ad9018,Clementine,Pelagias,.@yopmail.com,Poland,2023-03-10
a4a978fc-c03b-4ffb-b260-5f5a354a5252,Alameda,Hepsibah,.@yopmail.com,Montserrat,2022-06-22
d0789eb9-0ed6-481c-b574-10e9ae7781b6,Rubie,Rozanna,.@yopmail.com,Nepal,2023-11-25
5e44c910-5d3c-48fa-8ee8-e431e6f0c304,Ardys,Dyche,.@yopmail.com,Somalia,2021-05-14
d88f5a1d-a428-4f37-966f-50379f49a7ac,Janis,Diogenes,.@yopmail.com,Bahamas,2023-02-13
3e997eac-19a7-44ac-a085-6b9e557e0040,Norine,Cynar,.@yopmail.com,Bangladesh,2021-03-18
c559b12d-ec08-4194-9613-58a611dd57f6,Brandise,Arvo,.@yopmail.com,Kuwait,2023-09-14
f28d170c-a028-4d2a-83f8-6cfee97a6d06,Caritta,Neils,.@yopmail.com,Iraq,2024-06-10
8a54359e-8228-486c-923c-2d7405618e82,Stephanie,Khorma,.@yopmail.com,Nepal,2020-06-24
9086c94e-a331-4e4c-b79d-62780a115510,Nyssa,Jena,.@yopmail.com,Estonia,2020-08-01
0afcd52e-b0d6-4ea9-8a7e-0efcb510e180,Jolyn,Wind,.@yopmail.com,Austria,2023-01-07
e5abb7aa-0300-4ce5-8ce3-019527d3de31,Desirae,Carolin,.@yopmail.com,"Korea, Democratic People""S Republic of",2020-09-23
4f626fb8-db43-4d79-8eb3-6f3f919bd946,Imojean,Moina,.@yopmail.com,Peru,2024-08-25
21df7dac-d8a1-4772-b8c2-db033c9cf6e7,Marylou,Zola,.@yopmail.com,Sudan,2021-09-26
9a660f7b-1836-46c6-b133-4040b2600f55,Marline,Milson,.@yopmail.com,Mozambique,2024-10-02
59b9e088-1d92-4b97-b24f-3279adbffc1b,Evaleen,Donoghue,.@yopmail.com,Viet Nam,2023-05-22
5bcf07c6-93c3-4c54-8f13-6d0f9819f388,Jemie,Ralfston,.@yopmail.com,Vanuatu,2021-01-03
4f3694b0-2742-495b-a1b2-3c311d490135,Tina,Suk,.@yopmail.com,Mauritania,2020-01-22
afbde881-f180-4cc1-9612-fc005a9c8feb,Lynde,Lunsford,.@yopmail.com,Swaziland,2022-05-20
1c9431d1-e1a8-4f1d-8ca1-01c5acf877be,Kara-Lynn,Millda,.@yopmail.com,Portugal,2022-10-07
8c3a3f93-227b-4388-82c1-ff57208c042e,Nollie,Loeb,.@yopmail.com,French Southern Territories,2024-10-10
4bd7743a-f39e-4e9a-a396-9c926388ce63,Kenna,Penelopa,.@yopmail.com,Belgium,2023-05-11
149b73a5-3446-446e-a999-2a9354be7689,Karina,Durante,.@yopmail.com,United Kingdom,2020-07-08
ece42b8b-8877-4cfd-8269-c1e1d5fca70b,Rosanne,Muriel,.@yopmail.com,"Virgin Islands, British",2022-09-19
8c8ae3ca-001e-4a18-bf3e-6b65a55c983e,Dagmar,Viddah,.@yopmail.com,Gambia,2021-11-27
190eb81c-ffac-4492-92e4-34ce51953c07,Kara-Lynn,Zrike,.@yopmail.com,Finland,2020-08-05
d3eb795a-7f8b-4c76-915b-43518e30e739,Tani,Howlyn,.@yopmail.com,Romania,2022-06-15
8db4dd9a-8a8f-4ff7-b10b-ece6e998736d,Natka,Cosenza,.@yopmail.com,Somalia,2020-06-06
85024349-58fd-405a-a36f-d02842357903,Leona,Byrne,.@yopmail.com,Central African Republic,2024-11-05
1aeb1e07-e1d4-4d0c-9dbf-4eb38c7679ef,Augustine,Rheingold,.@yopmail.com,Bulgaria,2021-12-31
fe6a64b3-15bb-4b12-8c11-36e7f229fb5e,Jobi,Montgomery,.@yopmail.com,Peru,2020-06-23
564678f4-6b03-4429-bad2-c461f7a4bf1f,Gusella,Lutero,.@yopmail.com,"Congo, The Democratic Republic of the",2021-05-24
d3f78ea3-b955-4446-8b83-60084bafcd93,Misha,Rese,.@yopmail.com,Greece,2024-10-26
3d558b67-02fd-4547-995c-f284fc2c2c3a,Lesly,Sibyls,.@yopmail.com,Peru,2023-09-26
08d0ef79-bcc8-47cf-bd8f-565419edc724,Berta,Cornelia,.@yopmail.com,Paraguay,2021-09-25
7b22d3a9-1168-4056-ab93-f42ced69cf94,Stevana,Philoo,.@yopmail.com,Iraq,2023-09-07
acf4e2ee-7dbd-4c75-a705-5a3084750290,Priscilla,Nore,.@yopmail.com,Spain,2020-11-16
1fa808ce-31ee-4cba-9bbe-cb203d7d2d54,Gerrie,Cassius,.@yopmail.com,Estonia,2022-08-15
3bacb309-61e0-4751-9a6e-a627b945feca,Gratia,Urias,.@yopmail.com,"Macedonia, The Former Yugoslav Republic of",2023-06-06
cd45d35c-ffd7-478c-9cb7-0e8d2d58d7aa,Justinn,Hanleigh,.@yopmail.com,Iraq,2020-04-16
9309319b-aa19-46c3-8556-626dbfc388ab,Misha,Couture,.@yopmail.com,Chad,2024-05-24
0282804e-1f5c-4a7a-9a64-1cd09f6ff92f,Cecile,Cottle,.@yopmail.com,Lesotho,2024-04-27
dbd6325e-5c89-469f-8a16-8bdb18a7a646,Myrtice,Calhoun,.@yopmail.com,Madagascar,2024-08-28
aed42a56-b17b-4c5c-bda3-d91a692bdc78,Letizia,Greyson,.@yopmail.com,Ecuador,2024-01-24
3133b7a5-64e4-4980-a820-0d95c47f5c58,Gerrie,Brunell,.@yopmail.com,Slovenia,2020-06-20
12ce60d3-efa3-421c-b678-eb109c31cc4c,Amara,Chrystel,.@yopmail.com,Somalia,2024-10-12
07f25aab-dcf0-4bf4-b0b4-3716090d0e43,Nickie,LaRue,.@yopmail.com,Albania,2023-09-27
bfc1183a-3a6c-4d94-ac56-6cee774ceac6,Shauna,Rosalba,.@yopmail.com,India,2021-10-08
92a5890f-f02e-4c36-b72b-46e8bc6ce8df,Yolane,Berard,.@yopmail.com,Libyan Arab Jamahiriya,2020-12-20
92dbd329-1844-4bb1-bd08-3d431a9f9b00,Gerrie,Halsey,.@yopmail.com,Tuvalu,2024-08-16
7c96edaf-e6b8-4d8a-b41a-e9f44d30d445,Clarice,Edvard,.@yopmail.com,Burkina Faso,2024-08-17
2f836106-82bc-4f2b-9650-c842fb2e01e0,Nickie,Pandolfi,.@yopmail.com,"Micronesia, Federated States of",2024-01-21
01b68ffe-4870-4291-a9c2-5e5e9666176f,Antonietta,Raimondo,.@yopmail.com,Guyana,2021-01-05
59aaab9a-98e6-4e10-966c-c54ba37dda8c,Lanae,MacIntosh,.@yopmail.com,"Korea, Democratic People""S Republic of",2022-01-04
b2f575c7-3e31-4a6c-9334-ba3c1624dc8c,Sabina,Ellord,.@yopmail.com,Benin,2020-08-27
01f6a05a-91fe-4931-ac4a-359c563fda7a,Kittie,Abbot,.@yopmail.com,Panama,2020-12-10
8dc66dae-36f0-4edc-ab31-59232e7cdcb0,Evita,Isacco,.@yopmail.com,Congo,2024-07-13
c62deb00-c062-4b79-b9b1-e6a2b637a96c,Kittie,Koehler,.@yopmail.com,Russian Federation,2023-03-27
0f805f46-d2e4-41d7-afd4-8d7ccbe48c89,Mara,Fontana,.@yopmail.com,Samoa,2023-11-10
f57e76df-c781-4d56-aa67-5bc954d4f917,Nananne,Holbrook,.@yopmail.com,Israel,2021-05-29
a87b730e-d758-40f5-9141-7ddeb9e554aa,Caritta,Dorine,.@yopmail.com,Isle of Man,2020-08-17
61912a88-bc18-4066-aa3b-6e19a7a0683a,Sean,Raama,.@yopmail.com,Central African Republic,2023-02-04
04fec2c6-0f13-4d33-8af0-30f672cb2408,Helena,Leffen,.@yopmail.com,Italy,2024-07-03
be97dcc3-508a-470f-b2f6-991ac1fcc025,Vonny,Loring,.@yopmail.com,Brazil,2022-05-21
56ba7796-9904-457a-81a7-180bf8a28084,Georgetta,Estella,.@yopmail.com,Heard Island and Mcdonald Islands,2021-08-20
c64b9958-1f6b-44a6-85ae-d806f8ce80ec,Kaia,Oscar,.@yopmail.com,Qatar,2022-05-29
3d2f840e-d1ba-4224-bd05-5c1139cbf45f,Jackie,Gamaliel,.@yopmail.com,French Southern Territories,2021-04-01
5fd38e53-60fe-42cf-b244-ed2141a2daf1,Siana,Croix,.@yopmail.com,French Polynesia,2020-10-17
78d5ce74-6989-4fa0-ab54-babaa39f6c13,Sharlene,Marsden,.@yopmail.com,Netherlands,2022-03-17
9c1a760d-2150-449a-bf01-ed8198344432,Correy,Destinee,.@yopmail.com,Norfolk Island,2022-06-28
15a05d5d-8467-46d1-b588-97a82b1828ae,Anica,Brackely,.@yopmail.com,Maldives,2022-04-29
c911699f-be30-428d-82a7-8e1509f268a5,Lucille,Haldas,.@yopmail.com,AndorrA,2022-01-01
8dcbebf2-f262-41c0-b4d6-f4e17deb9dd2,Eolanda,Milde,.@yopmail.com,Holy See (Vatican City State),2023-03-28
f675c89c-a361-49fa-91be-5f2c57bae80d,Xylina,Shelba,.@yopmail.com,Tuvalu,2020-11-29
12920303-c43a-409e-855c-b79fbe59546b,Romona,Emerson,.@yopmail.com,Gambia,2021-09-07
284dbed0-2097-403c-a155-2b4b6e0834ce,Bibby,Brackely,.@yopmail.com,Pitcairn,2021-04-28
3402d7df-bfb1-4470-a07e-f3734eb4fb4b,Gusella,Blase,.@yopmail.com,"Congo, The Democratic Republic of the",2022-01-06
031a27a2-a3c5-4c3b-827b-c77a52da4f51,Esmeralda,Therine,.@yopmail.com,Haiti,2022-04-03
02c7226d-5a8e-44c7-8240-db2213245e0c,Inga,Ellerey,.@yopmail.com,Czech Republic,2023-05-23
71484ee2-efb6-4af7-b6c9-73add8fa239f,Eolanda,Jena,.@yopmail.com,Grenada,2022-10-23
520d6f03-1a09-42c1-84f8-50f814c6c7a9,Jobi,Wenoa,.@yopmail.com,Antarctica,2021-08-19
216be4fd-f317-4af8-a36d-a05d85b6ae9e,Mariele,Herrera,.@yopmail.com,Mauritania,2020-05-31
52b5d097-7ddb-46f1-a1b7-2481cf60829b,Tobe,Rogerio,.@yopmail.com,Greenland,2023-06-27
7cd548a5-6ed8-47e6-a07b-105e7a5264fd,Judy,Jehu,.@yopmail.com,Honduras,2022-10-02
da111ed9-7f67-4c9b-bc2d-4724edc0bfbc,Brana,Gamaliel,.@yopmail.com,Algeria,2024-03-03
4767018e-35be-4a60-ab23-50ff8e99aa16,Averyl,Kussell,.@yopmail.com,Russian Federation,2024-12-15
96f30cb7-ddad-4bfc-a8ae-c98a1cbaf4fe,Christy,Mehalek,.@yopmail.com,"Korea, Democratic People""S Republic of",2022-06-24
5055c64e-42d8-4659-a974-4404af1e3f20,Ethel,Sikorski,.@yopmail.com,Germany,2023-12-29
00e48945-20af-428c-8597-9970daa907d1,Claudina,Hoenack,.@yopmail.com,Sri Lanka,2024-05-24
890dbc7b-2afa-4be7-a4b4-fc5cbc5d31a0,Emilia,Hirsch,.@yopmail.com,Saint Lucia,2022-07-12
5dadcc99-09d0-4154-95a9-827f38cd8bc3,Henriette,Imelida,.@yopmail.com,Anguilla,2021-11-30
78f4a6c3-866e-4282-8154-c8019a9f7c01,Susan,Eldrid,.@yopmail.com,Senegal,2022-01-12
2a9f1674-e13a-45fe-b2bf-2371f40c0cb9,Thalia,Bettine,.@yopmail.com,Comoros,2023-04-27
b78a2df1-ef1c-449a-8360-a830f1859f14,Tani,Stover,.@yopmail.com,Wallis and Futuna,2020-05-10
c9ea32ea-6aae-4f85-8a8e-3b9fa61fb13c,Tracey,Bevin,.@yopmail.com,Dominican Republic,2023-10-02
ef973d13-9613-4ccd-acb5-531a5d9e8545,Frank,Jaylene,.@yopmail.com,Suriname,2024-12-27
6939755e-352f-4cf6-b180-1cff08d6e79b,Di,Egbert,.@yopmail.com,Thailand,2022-05-30
7a3eac62-6879-4c12-bc75-2b52f1460a5b,Ulrike,Dorine,.@yopmail.com,Guadeloupe,2022-08-22
58ae217f-8d82-4e0c-a8b6-22f036cd8ba8,Ermengarde,Braun,.@yopmail.com,Nauru,2021-08-09
cc6182fb-69be-4122-adcc-98b1650e9f53,Goldie,Peti,.@yopmail.com,Senegal,2022-02-13
24cafd97-8714-4234-8e86-b65527219d5a,Jacenta,MacIntosh,.@yopmail.com,"Korea, Democratic People""S Republic of",2021-06-12
333c0d31-6ddf-4a37-98bc-e9e38bd21c1d,Britte,Constancy,.@yopmail.com,Sweden,2024-03-23
fe498238-b426-4a16-9b14-9790522b0fae,Lory,Izaak,.@yopmail.com,Congo,2020-10-19
442279ac-96a2-4f7a-96ab-d02750b6fc73,Raquela,Chrystel,.@yopmail.com,Myanmar,2022-11-12
06aacbde-0396-4e3b-96b6-c6afd11b4a70,Melisent,Daegal,.@yopmail.com,Cameroon,2021-04-21
7491911b-a236-41ec-951c-d3a6c8f681b8,Cathyleen,Colbert,.@yopmail.com,Italy,2023-02-18
582ad117-291f-4bda-be50-da37e630434c,Julieta,Arquit,.@yopmail.com,Thailand,2022-04-24
30b99319-c836-4154-a989-d6593595529a,Cherilyn,Olnee,.@yopmail.com,Burundi,2024-11-27
31970312-ad59-4eee-b07d-3038d8aa52d0,Emma,Barrus,.@yopmail.com,United States Minor Outlying Islands,2020-03-31
ed2937e7-a411-487a-b10e-d73d9dc18496,Cam,Dosia,.@yopmail.com,RWANDA,2023-11-10
bd477981-021c-4620-ade9-c0ab0a4020bb,Roxane,Ivens,.@yopmail.com,Romania,2021-01-13
db2f5b93-5564-4436-8bc7-2e25efb50c6a,Dominga,Macey,.@yopmail.com,Sweden,2020-09-20
01b25b70-0c39-455b-a74f-e7bf01eda92f,Esmeralda,Azeria,.@yopmail.com,Botswana,2020-02-13
bff9687e-44cf-464a-9229-0ee6a4b215bf,Dorothy,Berl,.@yopmail.com,Nauru,2023-06-30
fecc4add-4118-4cf0-a6c2-62ad774447ca,Cissiee,Konyn,.@yopmail.com,Cambodia,2024-06-29
d873445d-dbfa-46e2-a9ce-f748ff8eb790,Sue,Kirbee,.@yopmail.com,Svalbard and Jan Mayen,2024-08-25
5bd13e9f-8ba3-4e58-86e3-ef26ceb8de01,Therine,Nadia,.@yopmail.com,Aruba,2024-02-02
15c6e631-ca84-43b0-9565-bbd1d139629c,Ardeen,Nester,.@yopmail.com,Venezuela,2023-05-20
8a3efcb4-c8a9-47ca-a9c5-5897010ba781,Kellen,Bultman,.@yopmail.com,Malaysia,2021-03-31
28c30470-a7c2-4aa9-8990-833300895f72,Edyth,Milson,.@yopmail.com,Burundi,2023-07-11
5f570942-b2cc-4cf6-ab57-0355a9a354cb,Bibby,An,.@yopmail.com,Netherlands,2021-03-31
422101c9-3e9b-467d-8d08-a0e8d80da061,Emma,Mullane,.@yopmail.com,Equatorial Guinea,2024-04-16
bebb6e73-21cd-4395-bdda-a3f07df62068,Althea,Evvie,.@yopmail.com,Mayotte,2024-12-11
06acec63-5b6d-4193-b556-3221692df492,Maye,Prouty,.@yopmail.com,Gabon,2023-05-24
231b915f-7bb0-4286-958a-9adb620a0a65,Shaine,Joni,.@yopmail.com,Kenya,2023-05-09
43fbfce8-827f-427d-a1b8-fd6df338697a,Dyann,Tiffa,.@yopmail.com,Turks and Caicos Islands,2020-01-03
047410b0-a6dd-4ed7-b841-8ce91c5c0d34,Arlena,Ingra,.@yopmail.com,Zimbabwe,2021-08-09
76def866-fb90-4711-ab3f-3d2c61a6ee79,Rhoda,Maisey,.@yopmail.com,Cape Verde,2024-12-23
cc88b7cd-53e5-4cde-a9aa-58f59812bbe4,Fina,Eckblad,.@yopmail.com,Viet Nam,2021-10-26
838a39a2-033a-455d-8c3d-6527f5be8e72,Cristine,Stover,.@yopmail.com,"Iran, Islamic Republic Of",2020-10-17
bbfa06f2-f423-4666-8341-6e626e2dcafd,Daune,Greyson,.@yopmail.com,Solomon Islands,2021-02-22
afd5a448-688b-4d0c-843a-4f4bbdf95725,Tilly,Sekofski,.@yopmail.com,Finland,2022-10-02
8af39ecd-25dd-4a7b-81a3-3b074a47dafb,Celisse,Nore,.@yopmail.com,Kiribati,2022-02-15
80cecf15-0b12-47f4-8d67-095246603691,Shaylyn,Monaco,.@yopmail.com,Tajikistan,2020-04-04
51bc9fb9-b93c-46df-8c82-62db646cd7c4,Carolina,Vins,.@yopmail.com,"Lao People""S Democratic Republic",2022-12-13
26e7cc0d-c6df-41a8-abc5-a0f1f2212a35,Suzette,Cadmar,.@yopmail.com,Gibraltar,2020-10-13
3bdd9a1c-5fba-43ab-80ef-aed50fb90495,Hollie,Dalli,.@yopmail.com,Central African Republic,2023-12-15
4ff6c4e4-7fbb-4cc5-901a-9d7d81df1256,Therine,Saint,.@yopmail.com,Hong Kong,2023-09-26
722d05fc-020e-4195-92d3-03503795b2cd,Janis,Naor,.@yopmail.com,Guatemala,2024-10-07
40fc5bc6-3a72-4b55-a67d-167c03b2b070,Tani,Ciro,.@yopmail.com,Latvia,2023-06-21
d1bf3711-a29f-469c-be33-8b3a709652f6,Joane,Oscar,.@yopmail.com,India,2024-01-26
0191b9fc-1bdd-45f4-bddf-3c881d71d97c,Emma,Buffum,.@yopmail.com,Åland Islands,2023-08-19
eb9afd70-b9e0-43fe-b8ed-df477ab5c648,Sheelagh,Haymes,.@yopmail.com,Sao Tome and Principe,2022-06-25
d3881b52-efbe-4a8a-bb63-7e3d2f93c1f9,Lucy,Tiffa,.@yopmail.com,Haiti,2020-01-07
e1e1958e-1b33-4918-9248-f2c28138bee2,Marcelline,Rhu,.@yopmail.com,Monaco,2021-05-22
fb215b00-e55b-49bf-8399-5e8f81c2f255,Robinia,Dyche,.@yopmail.com,Nepal,2020-09-22
35e0df25-d03a-4dde-8e9c-97f97fee8bc5,Linzy,Simmonds,.@yopmail.com,India,2024-02-15
b4a5fa59-d665-4550-a607-78cfa51d285e,Nessie,Sacken,.@yopmail.com,Japan,2021-12-11
f1c7ac50-7930-4d56-8296-4562c5c50493,Mara,Poppy,.@yopmail.com,Tunisia,2022-01-09
340a466b-da4c-4c11-a6a4-54acbac382ce,Marita,Iaverne,.@yopmail.com,Haiti,2023-05-24
161139d1-3779-4130-8627-aea74ec686dd,Mireielle,Dunkin,.@yopmail.com,Finland,2021-04-12
d847ddbf-06bc-4aa2-b27d-ff1729a09eeb,Emylee,Shields,.@yopmail.com,Uzbekistan,2021-04-26
cae8e1d8-d547-4dfb-97e6-85dfdb23ebbb,Stevana,Chrystel,.@yopmail.com,Norway,2020-03-11
71206d5f-b883-4842-93ab-6e4c45bb3b99,Monika,Mallon,.@yopmail.com,Saint Lucia,2021-05-14
b581d4c6-5886-4298-8d76-c8a07e27b76c,Kara-Lynn,Fadiman,.@yopmail.com,Portugal,2022-06-15
8d9b998b-3465-495d-b94b-7108cad34d3f,Nananne,Payson,.@yopmail.com,Vanuatu,2024-11-01
3febc905-a052-43f2-966b-9bd44cf5e421,Janis,Darian,.@yopmail.com,Saint Helena,2023-02-10
bc0e74d5-e2d3-4ecd-bce6-ec2f74809b6f,Bernie,Anselmi,.@yopmail.com,Egypt,2021-11-22
0dc6e130-1ce0-49f4-9f02-5d6d96169177,Sissy,Alcott,.@yopmail.com,Slovenia,2021-11-21
47508f35-9efd-4662-a760-20cb0796ea84,Caryl,Grayce,.@yopmail.com,Canada,2022-10-07
e906ebf4-fb55-4074-8693-313b449349dc,Mureil,Sothena,.@yopmail.com,Greece,2022-08-09
2762620b-9ca6-4a54-9da1-95beb758f1ff,Siana,Han,.@yopmail.com,Nigeria,2024-06-02
f66537a1-9494-40f3-a51b-2a1d73e88e56,Henriette,Verger,.@yopmail.com,Bangladesh,2020-07-14
8bebf82f-a66d-47c2-ab1e-12d23477e69c,Dominga,Merat,.@yopmail.com,Holy See (Vatican City State),2023-04-10
49922fbf-c429-4c81-9427-99426157f8b5,Kittie,Stover,.@yopmail.com,Pakistan,2023-11-08
34464dd4-e47d-4d61-899e-7fe0e734aecc,Claresta,Means,.@yopmail.com,Myanmar,2020-01-03
bb1a346a-8a4a-4677-a94f-f0ebfd6d9189,Dawn,LaRue,.@yopmail.com,Anguilla,2022-08-07
858c69f2-a7a8-4454-954b-1a518954f7a2,Micheline,Roarke,.@yopmail.com,Sao Tome and Principe,2020-02-02
9a86c02a-ce74-4a84-b580-97a2f0237aa0,Basia,Lenny,.@yopmail.com,Lesotho,2020-07-14
905c6cfa-43d1-4e86-8ed2-f593ab58dd76,Marnia,Ehrman,.@yopmail.com,Qatar,2020-01-28
401036ca-f191-49de-b6ab-c5ab6e40b5b0,Hallie,Swigart,.@yopmail.com,Cuba,2022-11-14
c3a19d3d-2f53-418c-b8d6-891dc5200003,Dari,Pip,.@yopmail.com,Maldives,2022-02-28
e95f53fb-1828-434e-bd9a-c2cc8d8a5622,Donetta,Janith,.@yopmail.com,Montserrat,2024-05-18
b01d5625-536b-4df5-a6e0-65cd2261515c,Cam,Cutlerr,.@yopmail.com,Anguilla,2022-05-31
5df25bca-8eb1-4621-a8b7-02719c9f3dbc,Larine,Neva,.@yopmail.com,Dominican Republic,2020-03-16
044985be-d2c7-462a-813d-ee69509c0d65,Maridel,Olnee,.@yopmail.com,Cambodia,2021-02-14
a5fb5496-ab9c-4489-974c-246295cec3a2,Edyth,Ashely,.@yopmail.com,Montserrat,2024-11-07
9febdd24-732f-4921-a149-3d674193e167,Sherrie,Cohdwell,.@yopmail.com,Botswana,2021-01-29
e4a9b86b-8f17-4f19-8f99-abff37114448,Chastity,Corabella,.@yopmail.com,Hungary,2020-06-30
95b7ec0a-454b-499f-9733-583949e97a77,Alisha,Federica,.@yopmail.com,El Salvador,2022-01-20
0ba1e9e8-6b1a-4792-b850-adabe7548dc3,Dorthy,Kirstin,.@yopmail.com,Palau,2020-09-06
a9069ea6-c8bd-46ed-9e6e-6b47b1ae806e,Tracey,Eldrid,.@yopmail.com,Ireland,2021-03-11
ba56df15-849b-49ee-bf8b-2dda9c31f737,Desirae,Romelda,.@yopmail.com,Niue,2024-05-06
97532f48-de28-4cd3-a86c-c1af7999264e,Karolina,Carmena,.@yopmail.com,Macao,2024-07-18
7735313b-4cfe-4b12-85f4-7b56f763320e,Cam,Alexandr,.@yopmail.com,Niue,2022-11-22
3d0d3e3a-987d-47b2-b8d7-056c0687acb7,Glynnis,Tice,.@yopmail.com,"Iran, Islamic Republic Of",2022-04-13
30b27a94-b3f6-4b92-a4c9-09fc8b2efee2,Selma,Korey,.@yopmail.com,Cambodia,2022-11-25
99494566-625f-4fcc-8856-e8ae3ff04564,Lucy,Rosemary,.@yopmail.com,Iceland,2021-08-28
e2ff8055-b80e-45ed-b7eb-80c961a5945a,Alexine,Ietta,.@yopmail.com,Austria,2021-02-26
fec4dac6-2b66-41d5-b9eb-128ae542f772,Gui,Dituri,.@yopmail.com,Panama,2023-10-28
5bafe8c0-304b-4ffe-8829-30379ea57510,Nicoli,Sammons,.@yopmail.com,Paraguay,2020-01-06
855a821d-8c9c-4f84-8d12-f04da8cadf59,Ardenia,Karylin,.@yopmail.com,Reunion,2022-12-07
bd3c8dc6-c685-47eb-9510-654a5ac60015,Vonny,Tomasina,.@yopmail.com,Ukraine,2020-02-07
b6fad713-ff8a-4a4a-bc0a-28d770fc537c,Kerrin,Naor,.@yopmail.com,Wallis and Futuna,2024-12-22
41c59faf-e0d6-4da2-932a-013757b1fffb,Katleen,Chobot,.@yopmail.com,Falkland Islands (Malvinas),2024-03-21
92d52ef1-d1fc-424b-a9c9-139c9e13c25f,Queenie,Neva,.@yopmail.com,Argentina,2024-11-17
48ad78e0-37e0-42e4-826f-2862a92ff2d5,Micheline,Ummersen,.@yopmail.com,Venezuela,2020-05-03
d76a2f29-0545-4dab-ac94-d6095463b79c,Kimberley,Merell,.@yopmail.com,San Marino,2020-08-24
6ecf0153-419f-4274-831a-0150f1562c9d,Felice,Regan,.@yopmail.com,Albania,2020-09-28
c3fcc34f-08e1-4879-9e4a-6c3a0dfa9214,Leona,Gahl,.@yopmail.com,Wallis and Futuna,2020-11-12
b7476a4b-e2b6-4394-8fe0-d6f848da5b7f,Ofilia,Bari,.@yopmail.com,Greece,2021-11-09
485ad04b-96d8-4436-9b14-13461fe073f2,Glynnis,Medrek,.@yopmail.com,Libyan Arab Jamahiriya,2024-01-11
c626efa6-7e9f-4ee6-86e8-7c8049d4200d,Madeleine,Mendez,.@yopmail.com,"Micronesia, Federated States of",2020-12-30
36c75098-fbe5-4945-9756-3594ba188923,Agnese,Solitta,.@yopmail.com,Heard Island and Mcdonald Islands,2023-05-29
b771feba-de36-4d58-84ff-4dd80ea15df2,Caressa,Isidore,.@yopmail.com,Spain,2021-12-11
b7361e1c-46e8-4368-8456-19f79480a278,Gisela,Byrne,.@yopmail.com,Madagascar,2022-09-21
2f88c502-211b-4920-a5d0-52282fdb6aac,Corene,Dom,.@yopmail.com,Niger,2020-02-18
22a76991-249c-4d58-af8d-628939cca9c0,Tressa,Alrich,.@yopmail.com,Bulgaria,2022-04-16
8fff4115-1571-4c78-bda8-f521e75adfcb,Ottilie,Abernon,.@yopmail.com,Denmark,2024-11-24
b4efbb67-c9c0-4385-957c-0d9da4cf9bce,Beverley,Wenoa,.@yopmail.com,French Southern Territories,2024-04-15
69a55fb6-510f-4855-8cb4-317e1ceac711,Marika,Kazimir,.@yopmail.com,Ghana,2022-04-01
579fce7d-b06d-43bf-9610-2cfbde4f0743,Robbi,Meli,.@yopmail.com,Dominica,2024-06-12
abf98ac1-96c2-499a-834e-21c29464e65b,Gwyneth,Adore,.@yopmail.com,Congo,2022-08-29
e86729f5-6c11-40a0-bb59-0835d0c55947,Di,Madox,.@yopmail.com,Wallis and Futuna,2023-08-01
4936dd1b-cb6c-4ea0-bbad-cec0c40a4c4d,Shauna,Guildroy,.@yopmail.com,Burkina Faso,2021-02-01
1002b909-fe7d-46dc-b46a-52ac78788cbf,Vere,Eachern,.@yopmail.com,Trinidad and Tobago,2022-12-01
765227f5-6ff1-443f-8a55-31df120a9079,Gwyneth,Blase,.@yopmail.com,Uruguay,2023-07-26
0736e8ac-e007-4961-90ec-b77e1048587c,Carmencita,Brady,.@yopmail.com,Romania,2024-09-05
4c16a797-5280-47a5-9780-808700a5bbc4,Tamqrah,Mathilde,.@yopmail.com,Zimbabwe,2023-05-26
c162fc68-63a7-4741-a192-12dfb4842507,Gaylene,Evvie,.@yopmail.com,Germany,2023-07-04
ee9052c3-9992-441f-bf60-a26dbc07c24b,Sabina,Kussell,.@yopmail.com,Sierra Leone,2022-02-21
98f9aa34-62f8-4bba-9f16-518f4994b29f,Lauryn,Teddman,.@yopmail.com,Mozambique,2023-01-12
774a5b24-720e-4199-b187-e4f13c72f610,Stephanie,Greenwald,.@yopmail.com,Morocco,2023-11-02
2719a3ad-8783-4613-836b-34c814c2495e,Jaime,Earlie,.@yopmail.com,Cameroon,2022-08-23
ce0a3814-2ef2-4b32-98fb-26809353a4b4,Bobinette,Cleo,.@yopmail.com,Slovakia,2023-05-10
4d98c2ec-455f-4f6f-b204-4df42ef925c4,Selia,Solitta,.@yopmail.com,Libyan Arab Jamahiriya,2024-09-10
fb832b8d-9ab1-4779-bd52-4ac24f3110b4,Orelia,Philipp,.@yopmail.com,Guadeloupe,2024-06-10
0f508bb5-f889-474f-a879-870ca984874f,Lindie,Guildroy,.@yopmail.com,French Guiana,2022-06-22
b60cf496-0432-4bcf-8bca-2395517ad70d,Asia,Dash,.@yopmail.com,Nicaragua,2020-05-09
caaaf502-4205-4dc7-85dc-b02e7a7d95de,Cherrita,Philoo,.@yopmail.com,Botswana,2020-09-24
b3e76648-b00a-40be-82f9-5ce3085ece41,Jenilee,Bouchard,.@yopmail.com,American Samoa,2021-07-30
24898f42-f826-431c-9058-0ce25380cc7f,Gisela,Karl,.@yopmail.com,Russian Federation,2020-02-07
91ceef5f-533c-483c-84b4-88f75ba26f47,Sallie,Delila,.@yopmail.com,Palau,2020-12-31
32ee589c-5e0e-46c0-b6a2-2866d8fc0bb7,Jinny,Kronfeld,.@yopmail.com,Latvia,2023-11-20
ae92ff25-60ae-4c03-a69f-e971ba05f34d,Jaclyn,Anastatius,.@yopmail.com,Italy,2021-12-11
eb84a51e-f239-4c32-872c-0ce5cff15bf3,Bill,Tayib,.@yopmail.com,Liberia,2022-05-20
3d9205e9-8c73-42f4-a2d6-82c92fb87965,Courtnay,Iiette,.@yopmail.com,Australia,2024-03-17
1a5cadcd-d78b-485b-93dd-4e0161a25332,Bettine,Delacourt,.@yopmail.com,Falkland Islands (Malvinas),2024-07-22
5cc439b4-3590-48a7-a8f8-752ee9c8774d,Joleen,Toffic,.@yopmail.com,Namibia,2023-09-15
be715a69-2374-4623-9392-ebf5346dcb34,Kayla,Fontana,.@yopmail.com,Uruguay,2020-07-25
649d43e6-cee1-4001-8c79-2f3b9995b03d,Lulita,Sheng,.@yopmail.com,Libyan Arab Jamahiriya,2024-05-07
cedcf18f-1edd-4c92-90b3-fa3c58066740,Ashlee,Rosette,.@yopmail.com,Afghanistan,2022-08-23
430d1123-6e6b-46cc-a1ac-d98d59d7706a,Renie,Bebe,.@yopmail.com,Solomon Islands,2021-04-28
99baac3c-e8a3-416c-84f0-32c4f631cb9e,Dorthy,Luhe,.@yopmail.com,Samoa,2023-10-15
7695db4b-e0a4-4d43-851e-a06c127dbd71,Kalina,Eugenia,.@yopmail.com,Guyana,2021-03-21
7dc27c8e-1e3b-4540-87eb-cce08da97757,Pollyanna,Uund,.@yopmail.com,Pakistan,2022-01-15
7b2c5be7-4cf2-4e4c-9eb5-1c0fa849eac4,Courtnay,Sperling,.@yopmail.com,Ireland,2022-11-25
9dce9141-7a57-4731-9ab1-89c5119fbc01,Georgina,Philoo,.@yopmail.com,Northern Mariana Islands,2024-09-21
a63c3710-ca0c-484b-a117-b7a18703fba2,Ileana,Oneida,.@yopmail.com,Kiribati,2022-08-07
72b3d0bd-4ff2-4853-b1a1-28b6edfec37f,Esmeralda,Letsou,.@yopmail.com,Honduras,2023-10-15
98820426-223f-48b0-b209-9ac4fd60e28b,Elbertina,Georgy,.@yopmail.com,Uzbekistan,2024-10-13
52ded1a4-222a-4a48-8711-0e56cf052efd,Jean,Harl,.@yopmail.com,Bulgaria,2024-03-05
f3254dc4-9575-4167-bcb7-6f4054aeda2d,Katleen,Wilona,.@yopmail.com,Netherlands,2024-04-28
774977f0-58ad-4d02-8152-a69bbece893e,Sybille,Stav,.@yopmail.com,Finland,2023-01-29
bfe0df78-59c7-49de-a982-cafc93679deb,Jere,Thornburg,.@yopmail.com,Oman,2020-07-17
6f0ac91b-d8d6-4fe9-be32-5b3c9498688b,Ilse,Bow,.@yopmail.com,Russian Federation,2024-12-08
c4228503-199d-46c4-b237-ad3107aef919,Britte,Thema,.@yopmail.com,Turkey,2024-11-18
e4d971a9-4295-4517-aef6-7f98601bd178,Flory,Whiffen,.@yopmail.com,Estonia,2021-02-12
6961b235-ce4e-40ca-b88a-7b532445b6dd,Eolanda,Johnsson,.@yopmail.com,Jersey,2021-06-17
2091d27a-cc90-4016-8be6-9311e14f228b,Darci,Denis,.@yopmail.com,Burundi,2024-12-03
5b3df751-bead-4188-8c4d-00fd86007c08,Lucille,Sibyls,.@yopmail.com,Seychelles,2024-11-29
a17d1797-5f3c-423e-aabc-defdc34d8f10,Leontine,Rolf,.@yopmail.com,Uruguay,2020-09-24
c027291f-0dfd-4e8b-820a-239ca4533834,Felice,Turne,.@yopmail.com,Antigua and Barbuda,2021-02-03
9bbb58b0-529b-45aa-85f4-9976804850d3,Patricia,Truc,.@yopmail.com,Cayman Islands,2020-05-19
1faab69d-52cb-4272-b42d-ac5dc48e30d8,Yetty,Mike,.@yopmail.com,Russian Federation,2023-08-28
72fc2b57-e52a-4e80-8dc6-75bda0bf1eaf,Lisette,Mathilde,.@yopmail.com,United States,2024-09-23
b71077b6-2c32-411b-bb85-828fdca9cf14,Dania,Clywd,.@yopmail.com,"Virgin Islands, British",2020-06-17
e8d93bec-e2b6-43be-946a-e94ec2533aec,Romona,Israeli,.@yopmail.com,Greenland,2022-10-22
eea42856-1d1c-4606-9c72-50b5c077dbe1,Marnia,Connelly,.@yopmail.com,South Georgia and the South Sandwich Islands,2023-08-09
43e157f1-9e3c-4203-ae71-81194013fa30,Lynea,Korey,.@yopmail.com,Uzbekistan,2020-01-16
0f6f5003-8624-411c-abe3-cd2c04d7af81,Desirae,Nea,.@yopmail.com,Solomon Islands,2024-05-18
9e6f0c3c-3309-4d6b-9197-26f8ede1c716,Kimberley,Vernier,.@yopmail.com,"Macedonia, The Former Yugoslav Republic of",2020-01-10
cabf8616-8495-4386-8857-9de7a6a7e7d0,Randa,Joli,.@yopmail.com,Cook Islands,2021-06-14
3dd36e9b-43e7-40d8-bf73-1485e4c27900,Annecorinne,Helve,.@yopmail.com,"Korea, Republic of",2023-05-20
a80a91e0-7136-4973-b3f6-4091a23581d7,Hayley,Ulphia,.@yopmail.com,Norfolk Island,2020-04-18
0a3510ac-f864-4863-a87f-a04775644dba,Tobe,Kesley,.@yopmail.com,Aruba,2024-07-19
f56a336f-507a-4e1e-8285-5944e1eda829,Misha,Eliathas,.@yopmail.com,Macao,2024-11-22
bb7162e3-6e65-4749-8bb1-660167fa699e,Sabina,Leonard,.@yopmail.com,Japan,2020-12-27
f92a05be-c271-4d4c-b451-ea25e49390f3,Barbara,Elisha,.@yopmail.com,Barbados,2022-04-17
1e63a396-7baf-45c1-a1ce-051d6cc90f52,Tarra,Tamsky,.@yopmail.com,"Virgin Islands, U.S.",2023-03-03
31a55597-c27c-471e-bef2-11685684ae1a,Chrystel,Duwalt,.@yopmail.com,Guyana,2022-04-22
00805065-d9ba-4e42-8ca1-b867c009d575,Leontine,Louanna,.@yopmail.com,Nepal,2021-07-17
e3bc6f30-82f9-47b1-b4f5-68f6154d83aa,Edee,Fulmer,.@yopmail.com,Pakistan,2022-10-26
074bb41c-e5cc-4ca3-b3ed-00c1ff57e362,Agnese,Millda,.@yopmail.com,Kenya,2023-05-14
067060d2-8058-4b5e-9416-712eda97484a,Ana,Carmena,.@yopmail.com,Latvia,2024-04-14
16f3143d-d848-4e5f-bc23-14285d171774,Lilith,Martsen,.@yopmail.com,Brunei Darussalam,2024-08-10
8ef9906c-df6b-4b40-b53f-5dbb74dd0e23,Dorthy,Atonsah,.@yopmail.com,"Korea, Democratic People""S Republic of",2020-02-29
24d8a0ac-4bb4-4a23-8594-7c332a496def,Madalyn,Carey,.@yopmail.com,Guatemala,2023-09-22
92347c24-c086-454e-8bbc-9c1749f6e289,Chandra,Ardeha,.@yopmail.com,Vanuatu,2023-10-10
fd747905-404e-4fc3-b903-c7bc599af8df,Tressa,Karylin,.@yopmail.com,Finland,2021-03-08
4b9db40a-e980-4894-811a-c8dc50098515,Dione,Bethany,.@yopmail.com,Seychelles,2023-01-28
703e542e-04dd-4fa6-8c04-3cb8b6f3de58,Olwen,Isacco,.@yopmail.com,Guinea,2022-01-07
032b2738-cf64-491a-924c-80009476c82e,Rosanne,Maurine,.@yopmail.com,Guam,2020-12-16
ef3b4954-3d3f-4fa5-ac6e-79bb5eb7e138,Jere,Mandler,.@yopmail.com,Bermuda,2023-11-03
564c0dd1-5e2a-4eb5-bee6-a202a4b996bc,Perry,Pearse,.@yopmail.com,"Virgin Islands, U.S.",2020-08-27
cd8607ab-fde0-4e94-9f8b-70faae59b6fc,Malina,Pierette,.@yopmail.com,Christmas Island,2022-10-14
bddbbe97-f1c9-463b-90cc-3e1b788b8fe7,Lusa,Rheingold,.@yopmail.com,Belarus,2021-08-17
8e3b3519-6fe2-4e7c-9fd6-0dbd394aaf72,Maud,Pulsifer,.@yopmail.com,Myanmar,2020-03-31
46f8f4c6-6d2c-4e10-a743-50df6de30670,Dennie,Isacco,.@yopmail.com,Switzerland,2021-06-26
c3228d48-f44a-4b97-9032-9bda57ea0eff,Gale,Mehalek,.@yopmail.com,Nigeria,2021-02-15
e598137c-30be-43f6-a660-05d40178ec55,Bobinette,Casimir,.@yopmail.com,Bahamas,2022-11-10
6aa1fd93-1e3d-4a00-8f82-d0e078691ce2,Delilah,Marcellus,.@yopmail.com,Malta,2020-01-18
8fe0573c-2d38-4a19-aaa7-bb27d2592f1c,Alleen,Darbie,.@yopmail.com,Viet Nam,2020-04-07
07e3d76a-3d0c-498c-8c28-ddff32795e4a,Clo,Whiffen,.@yopmail.com,Trinidad and Tobago,2020-10-26
f2e6d113-fdd3-4860-a1fd-54986c80092c,Dotty,Hertzfeld,.@yopmail.com,South Georgia and the South Sandwich Islands,2024-04-30
14040934-5f35-4876-8580-20179116dd37,Rosanne,Leonard,.@yopmail.com,Malta,2024-03-02
01645beb-fbf7-40d1-8de1-9afe81d507b9,Leanna,Cristi,.@yopmail.com,Anguilla,2022-01-10
1f7f8a37-8aa4-4f5e-96d0-b819ae8d2f2c,Shandie,Tomasina,.@yopmail.com,New Caledonia,2023-12-07
41b7ddaf-b82b-40a5-bf8b-97e535500100,Alameda,Eno,.@yopmail.com,Argentina,2021-10-11
e6dee653-9a8e-463a-88cc-ecf407264309,Ashlee,Palocz,.@yopmail.com,Heard Island and Mcdonald Islands,2020-02-26
cfd029d2-d934-43e3-b3d4-03e4cbbc8d91,Jackie,Francyne,.@yopmail.com,Bouvet Island,2023-02-19
27f475bf-58c9-4999-a871-dfd3c7a1dc35,Merrie,Ardeha,.@yopmail.com,United States,2023-12-17
d8816d8d-110f-40ac-ba6e-19b67c897957,Edyth,Bearnard,.@yopmail.com,Peru,2023-05-26
8e3901f4-8582-446d-a42c-647214c86c16,Kerrin,Killigrew,.@yopmail.com,Croatia,2023-02-15
bb86de94-847d-4aac-b2e6-3bedd563b2b2,Dorthy,Malvino,.@yopmail.com,Hungary,2024-07-09
1fac5629-39d4-445b-b589-3d3bfd1a8848,Aaren,Baudin,.@yopmail.com,Brazil,2023-03-02
9bb48961-8bf3-4e52-b536-0a18039744a1,Wilma,Lindemann,.@yopmail.com,Belarus,2023-04-19
53e00bd0-3b60-4848-bd74-0acab282dc7f,Demetris,Mich,.@yopmail.com,Syrian Arab Republic,2021-12-24
c276b09a-c39b-4474-b092-51d2d18d6796,Darlleen,Dorine,.@yopmail.com,France,2024-02-10
ad6d0fb9-40a0-4193-aaf0-5e5f905207f3,Elora,Wandie,.@yopmail.com,Greece,2020-09-18
2344f020-489f-466e-bde2-9410ff08aaea,Arabel,Zamora,.@yopmail.com,Guadeloupe,2021-11-22
020c448a-4bb6-466e-a75a-f8084a848491,Nonnah,Wandie,.@yopmail.com,Costa Rica,2021-06-14
54a65199-b176-4a12-94db-1b054051fa2a,Belva,Urias,.@yopmail.com,Lithuania,2023-03-17
de8bc3a2-fae9-4e88-a41d-b4e5fef480cf,Gusella,Fancie,.@yopmail.com,Montserrat,2023-12-27
c2970363-52e4-41f9-954f-c6f64140c2a8,Cathie,Bates,.@yopmail.com,Philippines,2021-06-18
538ca0d6-df6c-4ecf-b0ef-6588dac90e90,Winifred,Hortensia,.@yopmail.com,Saint Kitts and Nevis,2023-08-17
f9fc84d0-fde2-41c3-805a-acf7b0a13d7f,Miquela,Eachern,.@yopmail.com,Togo,2024-10-28
de9bf2c2-c2e0-4b2b-973b-ab9977b7cf94,Constance,Persse,.@yopmail.com,Burkina Faso,2020-03-05
be506441-8478-4226-b6c2-b83b274d6c47,Wilma,Chem,.@yopmail.com,Switzerland,2023-09-25
2b611797-b2b2-4d43-81c4-f2c6615b9589,Jasmina,Rogerio,.@yopmail.com,Guam,2022-08-22
0efd70a5-b2ed-4848-84d3-b56926e34563,Karolina,Jerold,.@yopmail.com,French Southern Territories,2023-10-10
c301e006-ae07-4de1-a1bd-e4611fa07c1b,Lorne,Dex,.@yopmail.com,Bermuda,2023-07-08
62aa5a15-4cc4-49d1-969f-f2ced873716e,Debee,Ioab,.@yopmail.com,Palau,2021-11-05
d68304d7-104f-4194-9c85-e1c3a37c9373,Melodie,Kenwood,.@yopmail.com,Benin,2022-09-28
9a205b32-60d8-46bd-9435-8a47930f5a3f,Dagmar,Deny,.@yopmail.com,Israel,2023-09-01
925fa26e-1693-4bfc-bb21-65254a2f0199,Krystle,Loleta,.@yopmail.com,Kyrgyzstan,2024-07-21
f7417f81-0c4d-4c60-b28f-2aa0631a3e45,Steffane,Lipson,.@yopmail.com,Oman,2021-12-10
c4fe1b5f-2453-4236-b17c-a3cac08dd8f9,Quintina,Cleo,.@yopmail.com,Mozambique,2022-06-22
cc0a1dac-37cc-4b2a-812a-cb42dd1719fd,Mignon,Cornelia,.@yopmail.com,Slovakia,2024-12-11
7eed46b3-807a-478a-9ce9-fe98f841500b,Candy,Lasley,.@yopmail.com,Palau,2024-08-18
502ed948-5120-4d0c-9e5f-41e0d3aded02,Lynea,Buckler,.@yopmail.com,Canada,2022-06-07
f0f95ff3-5e6d-4ef6-8c11-6723c271f7bc,Xylina,Neils,.@yopmail.com,Hungary,2021-10-07
e5186597-f653-46d6-b40e-faeccc2893b9,Tera,Junie,.@yopmail.com,United States Minor Outlying Islands,2022-01-05
d7ae7fbf-4eaa-4a52-8633-739a2aaa8cbd,Briney,Pettiford,.@yopmail.com,Bulgaria,2024-06-25
e753eae3-e0cd-4a7c-9a7e-28c5adfdb484,Barbara,Kendrick,.@yopmail.com,"Cote D""Ivoire",2020-09-28
6f278681-4250-43fa-8806-c9b1725e177b,Gaylene,Michella,.@yopmail.com,Venezuela,2024-12-02
cfa6cdd8-3ae4-46da-8e3e-0c8352786b31,Aigneis,Celestine,.@yopmail.com,Venezuela,2023-11-24
90b6c0bb-d120-41eb-a4b3-8ce13889cd45,Kara-Lynn,Anastatius,.@yopmail.com,Guam,2020-09-24
e21175a6-0c36-41f1-85ae-98090066680a,Dennie,Gower,.@yopmail.com,Paraguay,2020-05-23
ffbdf92b-5433-4c82-b86a-b856fdc6f849,Mignon,Dichy,.@yopmail.com,Uzbekistan,2024-03-23
bd2d7bbd-7e26-41b3-8ece-5ef8a5d1902b,Isa,Jorgan,.@yopmail.com,Mayotte,2023-07-30
f5f99ff8-27c0-489c-8aa5-e9b705a550ae,Annabela,Delila,.@yopmail.com,Turkmenistan,2022-11-02
96b480fa-491c-4630-a61a-45f9e60921ab,Constance,Gregrory,.@yopmail.com,Swaziland,2022-06-16
0499be95-1f5e-47c4-bfee-685ab57d1234,Rori,Shaddock,.@yopmail.com,Dominica,2023-04-08
04051273-d04b-4cbc-b640-ed932d822698,Heida,Evvie,.@yopmail.com,"Congo, The Democratic Republic of the",2022-08-08
60d338bc-1750-4a7a-85bd-9c7aa9785251,Ashlee,Philipp,.@yopmail.com,Martinique,2022-04-16
32de3d06-5395-4305-aef8-10995dfec697,Minne,Gillan,.@yopmail.com,Canada,2021-03-27
5fb96dbd-7adc-4949-b71f-27aa65a9ce33,Ida,Gemini,.@yopmail.com,Guatemala,2020-02-18
264f892e-0bfa-44ad-b9ac-820c645f051f,Daphne,Shuler,.@yopmail.com,Kuwait,2022-12-04
b39bfd6b-301e-496b-bb57-1f4066a5f86f,Halette,Alisia,.@yopmail.com,Uzbekistan,2024-11-01
5c0761d7-a1d1-42de-afa7-a63eb9058dc0,Arlina,Ardeha,.@yopmail.com,"Congo, The Democratic Republic of the",2022-10-13
ce6e3b2f-02f4-44fd-a10f-2b63ad0b3c47,Xylina,Moseley,.@yopmail.com,Morocco,2024-02-18
3af44427-e9fb-4b0b-a2fc-eb93c25700be,Alexine,Malina,.@yopmail.com,Turkmenistan,2021-08-03
a1076b6f-9b76-479c-9f27-a6b2f56e1bbc,Millie,Bebe,.@yopmail.com,Madagascar,2020-03-04
6af43dfa-fb5b-4db1-9d78-18a2552a8fcc,Judy,Euridice,.@yopmail.com,Gambia,2021-01-13
62f35219-d2cc-406a-bc86-cb64e55b5505,Audrie,Tjon,.@yopmail.com,Burundi,2024-05-02
6d1345ba-bd2f-4224-b8fa-a5eff1ec2e9a,Claudina,Bettine,.@yopmail.com,Costa Rica,2020-03-26
973ecc7d-d3a9-4149-8d5a-0ad8476bcd77,Estell,Niles,.@yopmail.com,Jamaica,2021-12-04
b0d2685d-d612-4541-984b-1bf8015e5cac,Lisette,Candy,.@yopmail.com,Syrian Arab Republic,2023-04-27
4e743eca-0029-469c-8463-018826fbe74b,Tiffie,Leifeste,.@yopmail.com,"Korea, Republic of",2020-05-01
adec37b9-a93a-4e3b-b7cb-c134c954ed91,Mamie,Berard,.@yopmail.com,Kyrgyzstan,2024-05-08
d868794f-4551-4885-bd54-f71a5f3512b9,Penelopa,Margarete,.@yopmail.com,Bermuda,2023-09-22
33e289c8-df52-4d98-9088-4ef90bd918d6,Vonny,Kristi,.@yopmail.com,Christmas Island,2022-02-16
492bc607-2f6a-486b-a507-ae8dac8c54de,Misha,Lia,.@yopmail.com,El Salvador,2023-07-13
c882498b-ee9a-4818-b6c4-2230e53f7122,Marline,Kendrick,.@yopmail.com,Guam,2021-12-10
db2c9661-b28f-43b4-842f-35434aee21bb,Theodora,Casimir,.@yopmail.com,"Taiwan, Province of China",2022-11-17
6b38dfaa-6971-4e23-aa4b-9f11fbe8f706,Dari,Gregrory,.@yopmail.com,Honduras,2023-03-11
58b9d9c2-4f26-4776-8ea8-cc481f6951cb,Jemie,Goode,.@yopmail.com,Portugal,2021-05-07
0205d82b-dd18-48f1-8955-b4d58a58e680,Gratia,Stav,.@yopmail.com,Bahrain,2020-03-12
0944febb-4503-46a4-9664-0045febde516,Ruthe,Mich,.@yopmail.com,Austria,2023-06-25
ab1e54b9-2569-4666-a302-db6d7e022f44,Gisela,LaRue,.@yopmail.com,"Palestinian Territory, Occupied",2023-01-06
27e98580-6b41-499f-9eff-a587a9229781,Ginnie,Decato,.@yopmail.com,Åland Islands,2022-01-25
bc4ed677-d176-4a7d-a695-b010fcab0c6d,Jordan,Madaih,.@yopmail.com,Zimbabwe,2021-05-21
9e9e70c2-ce3a-4dfa-851d-32ba17a0997d,Stevana,Allare,.@yopmail.com,Svalbard and Jan Mayen,2024-08-18
2cd17833-5913-4714-8bfb-d3542834d5da,Lila,Arne,.@yopmail.com,Cocos (Keeling) Islands,2021-07-15
97621cdb-cb7e-41d9-aa53-ace10c4de557,Maridel,Grobe,.@yopmail.com,Algeria,2024-02-25
272cc5f2-df8b-4244-ab9a-228d3b1fb681,Miquela,Dearborn,.@yopmail.com,Ethiopia,2023-03-09
38be33cf-80ee-459f-b5dc-6419f56b832d,Ruthe,Wenda,.@yopmail.com,Nauru,2022-08-02
8445e380-ec53-4987-843a-0e72261a8485,Jenda,Ball,.@yopmail.com,Viet Nam,2021-10-22
e0ce57fd-6286-4e3e-a13c-e7cff62aa137,Nadine,Jagir,.@yopmail.com,Hong Kong,2023-01-04
61ba7772-5fec-450d-84ba-5c37a65d6215,Almeta,Eldrid,.@yopmail.com,Malta,2021-11-09
eeeee000-97b1-4c9f-9866-1f6f7e584f2c,Drucie,Sandye,.@yopmail.com,Madagascar,2023-10-30
83617a19-99a0-44c4-b45c-9362eae9931b,Sarette,Denis,.@yopmail.com,Chile,2024-07-19
ef60db07-2730-4284-8bd2-2235544c56e7,Millie,Leonard,.@yopmail.com,Christmas Island,2024-08-22
dae82596-2d51-4c4b-a183-ebb7ebb9359c,Lynnea,Grayce,.@yopmail.com,United States Minor Outlying Islands,2022-08-13
1f2a4f02-ff23-4eb2-b4bc-f511fd839948,Linet,Lanita,.@yopmail.com,Honduras,2024-10-14
1caec7ee-96e1-4729-b288-3c2aba9b2d12,Kimmy,Astra,.@yopmail.com,Cuba,2020-06-26
90928acc-7c01-4ac8-a6a7-b3acf7f5a9d8,Marnia,Croix,.@yopmail.com,Guadeloupe,2020-04-10
d4408ed5-3080-4ed3-bc2f-a414db6fe221,Nonnah,Deny,.@yopmail.com,Malaysia,2023-02-26
48d0d4ea-753b-4d6f-b3fc-329ffeb460ac,Gianina,Lunsford,.@yopmail.com,Norfolk Island,2024-04-01
26c0ab9f-f6ba-4a47-8ae9-1f4c47399744,Vere,Stuart,.@yopmail.com,Qatar,2021-05-16
380b43f0-65f6-4341-990a-760008d3697d,Karly,Odysseus,.@yopmail.com,South Africa,2020-03-14
76231acf-ab62-42e9-9dc6-6ce48d129187,Tonia,Eachern,.@yopmail.com,Azerbaijan,2021-03-14
d204fb15-3861-4a26-b33f-869b6c9d8f04,Raquela,Radu,.@yopmail.com,Bangladesh,2023-03-14
23c9783c-09fb-4b62-9c3c-1869f12baf47,Libbie,Allys,.@yopmail.com,Norway,2023-12-19
2bc72599-f0d2-4cae-9d05-9587d9f58a60,Giustina,Noelyn,.@yopmail.com,Viet Nam,2023-02-19
e484783b-cff7-4463-8613-91e9f459b3f7,Liana,Francene,.@yopmail.com,Turkey,2023-05-24
d1f3b136-5d00-4777-a3a6-2bba4a3b198a,Katuscha,Baptlsta,.@yopmail.com,Antarctica,2021-01-18
6f8d09b3-5432-4da1-8c79-0eb3ced50dd5,Verla,Dreda,.@yopmail.com,Azerbaijan,2024-02-08
c9abd268-14f6-485f-a3e2-45c8b314448f,Ingrid,Rodmann,.@yopmail.com,Haiti,2022-01-14
dccc147b-26cb-4d64-ac59-904b17f24f85,Kittie,Brunell,.@yopmail.com,Heard Island and Mcdonald Islands,2024-06-18
17cf93ea-3150-41b7-859d-a42beb860ae3,Agathe,Niles,.@yopmail.com,United States,2021-03-20
456936a0-7842-4146-b353-6f0709d47794,Dolli,Linskey,.@yopmail.com,Gibraltar,2020-03-31
e1b3055a-e620-4f2a-b44c-cbecf2962e4a,Kial,Greyson,.@yopmail.com,Somalia,2021-01-28
e4dbe1d9-fa36-402d-8e24-9995248e1744,Ronna,Federica,.@yopmail.com,"Virgin Islands, U.S.",2023-11-23
964273b4-6e0e-48ab-a42a-4099a9b65363,Alleen,Garek,.@yopmail.com,Italy,2023-06-25
4883552c-7a1c-4e27-8181-b251e5195965,Sallie,Jaylene,.@yopmail.com,Oman,2022-10-25
235af64f-fff6-4eae-88a1-bb57b9b8fc2c,Karly,Jorgan,.@yopmail.com,Uzbekistan,2022-02-23
0eba32a8-0843-4cb8-94be-e63f425ae811,Max,Hanleigh,.@yopmail.com,Kyrgyzstan,2020-09-03
68499306-60c7-4106-8c76-548c448c2885,Kamilah,Olin,.@yopmail.com,Saudi Arabia,2024-04-29
ba6bb4ac-e972-45d4-9859-fb1af3730b8c,Ricky,Podvin,.@yopmail.com,Georgia,2022-06-08
50d1a467-3fcb-4302-9297-eaa2e2120b9f,Arabel,Morrill,.@yopmail.com,Nicaragua,2020-08-23
677002ad-842e-47bd-9ad5-c479a2fcf02b,Fina,Madox,.@yopmail.com,Kenya,2022-02-11
472548e5-e46b-4e62-b25f-9b9366d1f506,Olivette,Aloise,.@yopmail.com,Burundi,2023-03-31
6f780015-d62b-4122-984d-078a44b575a6,Gerianna,Durante,.@yopmail.com,Tokelau,2022-01-30
cf1001cb-4b6e-479e-9877-b10ab1c6379f,Ninnetta,Nadia,.@yopmail.com,Northern Mariana Islands,2023-05-11
45619530-c62b-4d8f-8dd3-7b8b1b077b4a,Gwenneth,Tarrant,.@yopmail.com,Cayman Islands,2021-02-16
ab16e050-36c8-4396-9d80-620d874d50c8,Dorthy,Karna,.@yopmail.com,El Salvador,2021-06-25
83eb8bc1-954a-4b48-ba76-3e9463cfb7f4,Amara,Blisse,.@yopmail.com,Malawi,2024-06-25
e67374c4-0d4b-4713-af5c-3d102854713d,Lita,Margret,.@yopmail.com,Israel,2022-04-29
70b0b226-4dbe-4352-aa72-13b038d7f2ad,Ekaterina,Olnee,.@yopmail.com,China,2022-04-26
56e9032e-833e-42c8-9dfa-6c0fc4d0a14a,Beatriz,Belanger,.@yopmail.com,United States,2023-01-03
789f90aa-d75f-40f9-85e7-1754fb5e77d7,Gwyneth,Rubie,.@yopmail.com,Suriname,2023-05-20
3a12e748-f5dc-43a8-b690-a5555e98352c,Blake,Payson,.@yopmail.com,Puerto Rico,2024-04-06
931eab7b-be27-4f1a-9695-f221e8bdbc00,Candi,Hachmin,.@yopmail.com,Chad,2023-07-05
702d365a-3b4e-41c6-87fc-6203c77f4492,Lorie,Cloris,.@yopmail.com,Holy See (Vatican City State),2021-09-12
d9bdb39f-38f4-4dcc-9a65-6488385f0fca,Mildrid,Burkle,.@yopmail.com,Uganda,2023-06-02
721f18de-a51c-4118-ac82-f8281ac7b287,Helsa,Travax,.@yopmail.com,Egypt,2023-03-12
3af362b6-65fd-46f6-a9e2-1c19a49dc01b,Kial,Schroth,.@yopmail.com,Iraq,2023-03-28
0cc130f6-70d5-41ad-bf56-88ea699d7882,Lauryn,Cookie,.@yopmail.com,Mongolia,2022-08-07
d9308a32-ab4a-4334-b668-ef301af78a47,Barbara,Gunn,.@yopmail.com,Marshall Islands,2022-05-28
5f5947fc-73c9-4024-acb5-c8ebcfbf1271,Bee,Ackerley,.@yopmail.com,San Marino,2021-06-22
4bd5a496-22c5-4f83-896a-6db8ad38e337,Pierette,Hamil,.@yopmail.com,New Zealand,2023-09-03
5e1ae19e-a6d1-4645-8fa1-902f35ea2a22,Cathie,Persse,.@yopmail.com,Tokelau,2022-08-06
38f310b3-d807-4ead-8ac7-1ab661925de5,Ingrid,Jacqui,.@yopmail.com,Serbia and Montenegro,2021-10-04
478ff026-291b-418e-95d4-1cdc190c4cfc,Carol-Jean,Maiah,.@yopmail.com,Saudi Arabia,2023-06-29
7c2bc57a-82a6-4d23-9d4f-82b133eff6ef,Netty,Valerio,.@yopmail.com,Norway,2024-09-16
d56e053e-9f7f-4090-a41c-6241005a8812,Lynde,Scammon,.@yopmail.com,Brazil,2020-09-29
1587ebd8-1a93-4fa4-bba1-cb9de54a8fdc,Jacquetta,Kevon,.@yopmail.com,Antarctica,2023-12-30
0da739e0-dfae-4b06-9dfc-cd6532d63794,Leeanne,Wesle,.@yopmail.com,Austria,2022-02-04
215b0333-4b42-43c0-91d8-7180225f0f95,Christian,Pacorro,.@yopmail.com,Norfolk Island,2022-01-08
a033dbd5-6051-474d-bcb7-25fbb818ddf9,Brianna,Vale,.@yopmail.com,Netherlands,2024-11-04
c065d37a-cb2d-43d5-8c15-73bb054beb49,Farrah,Klotz,.@yopmail.com,Georgia,2022-03-25
5c34834e-8485-41ae-9eb8-1263787996ec,Tracey,Krystle,.@yopmail.com,Italy,2020-07-23
5d8872af-3057-4db3-adc9-ef58f31bf9ce,Iseabal,Ludewig,.@yopmail.com,Finland,2024-05-03
92f91367-7175-46c2-98c2-85e85cd46bf8,Alia,Adrienne,.@yopmail.com,Burkina Faso,2024-10-16
dd97ea97-fe69-4024-a8f4-5581188f2588,Darlleen,Verger,.@yopmail.com,"Moldova, Republic of",2020-10-06
8af859ed-a1fd-4560-8d10-b48d85d80b79,Gianina,Verger,.@yopmail.com,"Tanzania, United Republic of",2023-06-25
c9219637-42d4-4d33-ab98-1bf1ea9a8499,Gabriellia,Grimbly,.@yopmail.com,Wallis and Futuna,2021-05-22
31bab764-1a08-4163-b120-9e354fa7161b,Pollyanna,Zaslow,.@yopmail.com,Qatar,2021-05-26
ef3491c9-08e2-4b56-b55c-d25acb7e6787,Liana,Ogren,.@yopmail.com,Kazakhstan,2024-09-12
9481f4c7-ae57-4636-aebf-575ba35d7e37,Vivia,Dudley,.@yopmail.com,Bosnia and Herzegovina,2021-10-18
de41ba7a-4e71-4260-89d4-b8811d33e179,Viviene,Autrey,.@yopmail.com,Vanuatu,2020-08-16
94c568ad-d1d8-4959-8bec-a3223dd9af44,Melodie,Daveta,.@yopmail.com,Guinea,2023-02-06
284f01f8-a980-4ea8-96d3-72d34e7fab7d,Riannon,Mike,.@yopmail.com,Guatemala,2020-07-20
f905bd64-2a62-46e7-9f10-02d402dad4c9,Codie,Shanley,.@yopmail.com,British Indian Ocean Territory,2022-09-08
23912690-9132-41dc-b61e-dd65834204b4,Lolita,Noam,.@yopmail.com,Niger,2020-02-04
df9ecaa9-dcca-49c0-8131-f12d69397f23,Olwen,Isidore,.@yopmail.com,Mayotte,2022-06-27
7023e8c0-6029-410a-892e-9ccb8747b7f5,Jillayne,Isidore,.@yopmail.com,Myanmar,2020-06-14
f89fb5b4-db6a-4b7f-a1e1-050ec2e9c47b,Harrietta,Suzetta,.@yopmail.com,Luxembourg,2021-04-08
c724e4fc-da40-48fb-931f-93cd0bff3211,Vevay,Gwenore,.@yopmail.com,Fiji,2020-08-11
95441391-a47e-4ee4-b2fe-962a1b1854b9,Tatiania,Juliet,.@yopmail.com,Liberia,2023-03-14
42546f56-3a9d-42c1-b68c-8ee312143966,Janeczka,Toffic,.@yopmail.com,Jordan,2023-01-10
a810a5dc-b7e5-41b3-a07b-55fb71a30813,Vita,Azeria,.@yopmail.com,Tuvalu,2023-04-03
2149bc89-ee2e-41ce-8782-119dfb3f1979,Merle,Mayeda,.@yopmail.com,Chile,2021-09-03
fe3eb617-663e-45d9-8ec3-c8cb9f14d3f2,Emylee,Velick,.@yopmail.com,South Georgia and the South Sandwich Islands,2023-12-23
a6e6b0e1-f005-4b03-b8b1-47da1847e6d8,Merrie,Klotz,.@yopmail.com,Guinea,2020-03-17
7feeeb9c-fdc8-46c1-954f-489f5899a8b4,Kayla,Tomasina,.@yopmail.com,Poland,2021-09-16
3d2d71e8-9fab-412a-8876-3cd9e6b38ece,Flory,Faso,.@yopmail.com,"Virgin Islands, U.S.",2021-06-18
8446772e-f522-4348-9325-e861fcb95abf,Henriette,Wenoa,.@yopmail.com,Sao Tome and Principe,2023-05-11
1fd18289-9d89-432a-8647-44fe835bc8be,Norine,Kare,.@yopmail.com,Cook Islands,2022-04-01
04650355-b8c1-4178-88d0-ab277cc61aae,Marcelline,Barney,.@yopmail.com,"Cote D""Ivoire",2022-09-19
a878421a-d138-4200-ab8d-b1fbf4415d80,Selia,Maples,.@yopmail.com,Liberia,2021-08-18
267d0901-d569-4d4c-a7a5-fba3f860ef06,Bertine,Dearborn,.@yopmail.com,Paraguay,2024-01-30
65f29823-f86f-40fa-8cc7-cfa6aeed1d3d,Talya,Celestine,.@yopmail.com,Timor-Leste,2022-12-17
afdf3972-0b4d-4dcc-a5e0-9ab6de0adffe,Fayre,Leary,.@yopmail.com,British Indian Ocean Territory,2024-10-08
0351377d-c175-470b-90d5-a129344f743c,Kylynn,Gert,.@yopmail.com,Venezuela,2022-06-01
724ff42c-35ac-4487-9660-ffce6d3035e0,Marylou,Urias,.@yopmail.com,"Virgin Islands, British",2021-10-13
3145f6c3-42eb-426b-ba29-3cd744935738,Marti,Glenden,.@yopmail.com,Saudi Arabia,2023-04-03
7e2ed5dd-ebb1-44e3-98c0-1b5a1f7e96d6,Mireielle,Fry,.@yopmail.com,Bermuda,2020-09-25
bf8524d6-0e87-4764-89f2-d759f6b3d2dc,Bettine,Sparhawk,.@yopmail.com,Burkina Faso,2022-01-25
3d3fa408-af80-40f8-9951-b80914a93487,Cyb,Harriman,.@yopmail.com,Kenya,2024-10-30
a41ed881-fdb8-4915-b13a-a0eb96ac48a1,Sue,Halsey,.@yopmail.com,Comoros,2024-07-30
d47cd2a2-0018-4510-a76d-1854fb61fcc0,Dione,Codding,.@yopmail.com,Mauritania,2024-08-28
a4d7bba8-f18a-437c-927c-bd4c45de7515,Susette,Tillford,.@yopmail.com,Belgium,2022-02-15
96efcc5a-cf8d-4dcf-a044-49b500aae827,Paulita,Jena,.@yopmail.com,Yemen,2021-03-16
e716e2a5-18b2-4536-88e7-ed8c81432e2a,Brianna,Harriman,.@yopmail.com,Switzerland,2023-12-15
c5b4b916-69de-4dcf-8598-ff2b863ab2f5,Evaleen,Norrie,.@yopmail.com,United States Minor Outlying Islands,2022-11-17
ce89762d-36d2-497f-95ca-a94059d97a4f,Gilda,My,.@yopmail.com,Greece,2020-01-25
54589a53-5488-44b7-8457-a61020c418c7,Nyssa,Skurnik,.@yopmail.com,Mauritius,2022-07-27
b33cc3c3-fa51-4de0-9005-2d37ad623fb6,Barbi,Maryanne,.@yopmail.com,Tuvalu,2024-01-27
392b390c-dda6-444b-8954-52ed2d6b094e,Agnese,Leffen,.@yopmail.com,United Arab Emirates,2021-07-21
800832b7-fbf4-4be8-9165-a7b9ab10ef0f,Dorthy,Vanni,.@yopmail.com,Belize,2023-11-14
3645b4d8-4ed2-4523-9ab2-f016890e1fc2,Suzette,Kunin,.@yopmail.com,Gabon,2024-02-03
95bd8b5f-f57f-4e36-a011-1bd832bcfaf9,Atlanta,Adore,.@yopmail.com,Puerto Rico,2022-08-18
b3c3f542-a9a6-4950-83a5-0faa85377bda,Dorthy,Faust,.@yopmail.com,Wallis and Futuna,2021-07-19
86660b9d-7dd7-49e8-b04c-0be3f27b95a7,Mamie,Modie,.@yopmail.com,Azerbaijan,2024-08-15
135e0d53-e709-49fa-88ec-57050a992fd5,Cyb,Thar,.@yopmail.com,Canada,2021-12-17
4baacb80-a519-4bc7-9ed9-4d686b384077,Codie,Gordon,.@yopmail.com,Tunisia,2023-10-24
8b322354-a8ef-453e-882d-34c6364195fa,Alie,Allare,.@yopmail.com,Gambia,2023-10-09
63218cf3-2b00-4c84-a2e7-e9d6b9cdafcf,Kara-Lynn,Erich,.@yopmail.com,Ethiopia,2020-11-20
11f7a3ee-ffc5-4270-a6f8-100bf2dff667,Sheelagh,Shaver,.@yopmail.com,Kuwait,2020-11-21
96cdc657-9ccd-4c24-b368-9c55e85e0e28,Dolli,Zachary,.@yopmail.com,Singapore,2023-03-03
1e5db47b-cf8b-45f2-b610-f66816f6be3d,Mamie,Thornburg,.@yopmail.com,Jamaica,2022-10-30
2b09fc16-6f53-4abc-aca3-aa390e6fdffa,Kimberley,Oster,.@yopmail.com,United Kingdom,2020-03-01
a9785a35-43a7-4612-b81a-7fa64ab55123,Pollyanna,Alabaster,.@yopmail.com,Macao,2023-08-08
8d904162-d1cd-46ed-94ee-57c36529768f,Nyssa,Barbey,.@yopmail.com,Peru,2020-06-09
e28e243a-d886-491f-90be-4ac069f21bb6,Clary,Payson,.@yopmail.com,"Taiwan, Province of China",2022-06-20
b44f1940-8592-4562-938f-9a41fdb578ac,Roslyn,Lorenz,.@yopmail.com,Guinea,2020-02-19
c737ab9f-ea76-4cea-abee-02266d795a77,Sibella,Hillel,.@yopmail.com,Cocos (Keeling) Islands,2021-01-30
0b85128f-6a66-4e4f-958f-aa6943069b96,Taffy,Malina,.@yopmail.com,"Macedonia, The Former Yugoslav Republic of",2023-02-24
40bbc595-0e63-4b01-bc26-b4091816c510,Dolli,Giule,.@yopmail.com,Sweden,2021-06-22
fc4da6fb-af90-468b-b20d-82379241015c,Laurene,Narton,.@yopmail.com,Australia,2021-09-21
09d5d641-75c6-4410-a541-6476c64e2128,Neila,Anton,.@yopmail.com,Comoros,2022-06-09
e5e2e121-cc03-4364-9377-de70a853ed61,Kate,Carey,.@yopmail.com,Paraguay,2020-04-07
24dfc666-96ad-4768-88c6-a88117a11d1c,Regina,Lalitta,.@yopmail.com,Croatia,2024-09-10
3c9e1a10-c2e9-4511-b206-1b5b8c8bca44,Blake,Sinegold,.@yopmail.com,New Caledonia,2021-06-27
59868d01-b9aa-45df-9c9e-96324f4f4510,Ivett,Argus,.@yopmail.com,Kiribati,2020-10-05
3e2dc73d-ef9f-46ae-afbb-49f2cfc3987c,Reeba,Nunci,.@yopmail.com,Cape Verde,2020-07-07
295f968a-02ff-486b-a2ff-26301285e028,Helsa,Avi,.@yopmail.com,British Indian Ocean Territory,2021-01-31
79ae2174-ac2e-4f4c-bf4e-951e794c3a1b,Heddie,Ferino,.@yopmail.com,Libyan Arab Jamahiriya,2021-11-25
7b626ca2-d847-4c07-99d4-dd9b6c5f4c78,Valli,Minetta,.@yopmail.com,Bhutan,2023-03-29
350b618c-2bb7-440e-91ad-063d3cc32a65,Nicoli,Danby,.@yopmail.com,Djibouti,2023-06-09
71db1455-2b19-4034-bd00-14a6b504eec4,Ursulina,Codding,.@yopmail.com,Qatar,2021-11-08
f403b636-c956-42f0-bf8e-3de271a97985,Karena,Idelia,.@yopmail.com,Mongolia,2020-06-09
113668b7-470e-4cfa-85fa-3949738110fd,Carilyn,Honoria,.@yopmail.com,Viet Nam,2020-07-05
709cf3e3-891e-4c17-ba1f-516f97e86496,Lisette,Anton,.@yopmail.com,South Georgia and the South Sandwich Islands,2023-04-20
f4db553f-4a93-4d25-ab45-a75bef99509b,Misha,Couture,.@yopmail.com,"Iran, Islamic Republic Of",2020-06-02
df0cedca-86d6-487c-9949-6c9aa8872459,Latisha,Dawkins,.@yopmail.com,Canada,2020-08-13
3e1c23d2-1094-4791-abf5-33d2dee08c19,Karlee,Pernick,.@yopmail.com,Mauritania,2020-09-30
4407e16a-a992-4566-8893-836335dcad70,Glynnis,Braun,.@yopmail.com,Brunei Darussalam,2020-02-06
26a6a163-3d33-47dd-9a1a-01107e83ea97,Eadie,Laurianne,.@yopmail.com,Mozambique,2022-07-15
1abbb58d-f9a2-412f-8b82-2313c20138e9,Penelopa,Tjon,.@yopmail.com,Peru,2022-07-16
4038d85d-1de0-45f5-be77-8a40edf11d0a,Ermengarde,Bonucci,.@yopmail.com,Ukraine,2024-03-29
329369cc-c2d9-4948-a518-bddde7735bb2,Wanda,Gilbertson,.@yopmail.com,Puerto Rico,2022-04-24
07e1298b-0ae1-4a97-9270-5b099475c9a2,Orelia,Voletta,.@yopmail.com,United Kingdom,2021-05-11
ba77e3a7-3007-4719-bef9-3c7557191505,Robbi,Arley,.@yopmail.com,Switzerland,2020-10-11
a1539294-5d43-4cd0-9eae-3933e31573a6,Ana,Craggie,.@yopmail.com,Heard Island and Mcdonald Islands,2022-01-08
37fef954-2f40-4203-86cc-d332da9ed077,Diena,Smitt,.@yopmail.com,Russian Federation,2021-04-08
292113b4-e03d-4ad3-89ef-cf1667741cf0,June,Zitvaa,.@yopmail.com,Sao Tome and Principe,2020-07-22
b69df0ee-152e-4724-8a0e-111f00867702,Vere,Jalbert,.@yopmail.com,Sudan,2020-04-09
ad4deebf-9f3c-4a38-ae29-a87795d13060,Sindee,Engdahl,.@yopmail.com,Denmark,2024-02-02
b88696ff-1644-4bbe-9d4f-f264ad6402fb,Tressa,Cath,.@yopmail.com,Chad,2022-09-08
dff95817-4dc9-40b7-bf42-0643a0127d24,Ileana,Anderea,.@yopmail.com,United Kingdom,2022-01-14
ac61fa5e-dd99-43ed-aedd-92ac650fe1a8,Mary,Daegal,.@yopmail.com,Singapore,2021-05-23
3c3cf540-e57e-4a5a-bf76-9c0da5af867e,Brena,Felecia,.@yopmail.com,Czech Republic,2024-11-25
7dcd161a-2bdd-470f-85f9-2c6e47f55c26,Margette,Olympium,.@yopmail.com,Iraq,2023-09-05
2fa63671-9267-4bc7-a005-d47fb24e7f15,Rhoda,Iiette,.@yopmail.com,Iceland,2021-12-18
762b0795-b6a7-4b59-89a2-e57ac3440897,Louella,Hoenack,.@yopmail.com,Sweden,2021-06-13
8993c1a8-4213-460c-b5c2-63f80414cd8c,Loree,Dorcy,.@yopmail.com,Aruba,2021-08-09
2d6f3773-a937-4997-a6c8-53660815acde,Etta,Herrera,.@yopmail.com,Yemen,2024-08-17
9efd8c8d-905b-4331-a0ea-7d86230d3d2c,Reeba,Helfand,.@yopmail.com,Grenada,2020-10-23
d13e2c19-2acf-48c1-a17a-243bed319b81,Jackie,Ellerey,.@yopmail.com,Nicaragua,2022-11-01
57091481-2183-472f-80fb-296a917b93ac,Cherilyn,Lauraine,.@yopmail.com,Brunei Darussalam,2021-10-28
8bd7744e-22ca-40d0-b7a5-e373e7916dd7,Tamqrah,Armanda,.@yopmail.com,Cayman Islands,2024-03-21
def18ff3-a457-4e0d-b102-7ca039f3c12b,Doro,Cadmar,.@yopmail.com,Somalia,2023-12-05
3d3d00ef-5a07-4523-8742-9f72e82ed21f,Georgetta,Weaks,.@yopmail.com,Panama,2021-09-19
d425410c-a940-47f4-a0af-499147cbb2f4,Roslyn,Marlie,.@yopmail.com,Tunisia,2024-08-02
720b892e-d0dc-4810-99ee-0970a38c4872,Miquela,Edison,.@yopmail.com,Bosnia and Herzegovina,2020-06-20
69630a1f-db2b-4a51-a690-c6f699680037,Blondelle,Phyllis,.@yopmail.com,Tokelau,2020-05-16
646bdf58-fd5f-4498-acd3-90f9cb71be82,Jinny,Even,.@yopmail.com,Lesotho,2023-12-31
83c87f8b-ac49-485e-8c48-bc4c3da1afb6,Robbi,Corilla,.@yopmail.com,Latvia,2020-04-11
c428d18c-c509-4550-8817-1226f2204a34,Beverley,Bollay,.@yopmail.com,Liechtenstein,2024-08-23
892f8c15-3fae-4b40-967b-837313bb42d3,Therine,Lipson,.@yopmail.com,New Zealand,2022-10-11
abac3dfd-3506-473a-8447-7de01e415055,Juliane,Oscar,.@yopmail.com,Greenland,2024-01-21
c28d12ba-f04e-4415-bfd5-9128db5fcdd0,Farrah,Breed,.@yopmail.com,Togo,2022-11-13
c49f2258-213b-490f-ad93-0c1956df8df3,Desirae,Bryna,.@yopmail.com,Saint Lucia,2023-10-24
af088be9-3ea7-4a89-86fe-12564048796e,Ariela,Noman,.@yopmail.com,Benin,2020-01-10
73599c5c-a536-4aec-82bb-16264ed7a2a3,Cam,Zola,.@yopmail.com,Germany,2021-09-04
b0370d70-a043-4fc4-9ab6-db79c569de7a,Laurene,Hillel,.@yopmail.com,Norfolk Island,2024-04-24
afce9808-1b3a-4499-8a08-f9ef099c9d8d,Ilse,Durante,.@yopmail.com,Malta,2022-11-22
24f9a02f-f500-4493-a011-8364fa9537a8,Marguerite,Amasa,.@yopmail.com,Togo,2022-04-18
7d580d99-53aa-4d58-9f3a-20700535949a,Elyssa,Vins,.@yopmail.com,Heard Island and Mcdonald Islands,2024-07-16
4b5ef7e8-33d9-4936-acad-4fa86881fa06,Deane,Woodberry,.@yopmail.com,Guatemala,2020-10-17
0897ef85-b15c-41ad-8d03-a676109388cc,Karina,Waite,.@yopmail.com,Jamaica,2024-10-28
463842a8-413f-4388-b5f7-b52abf4f7fe3,Lorenza,Goerke,.@yopmail.com,Jersey,2020-05-20
185106f3-9459-4549-be27-0666ba551a07,Stephanie,Doig,.@yopmail.com,Nigeria,2020-05-24
ec1a3443-7d3d-4638-841a-3e4ff1b6c655,Alex,Kathie,.@yopmail.com,"Moldova, Republic of",2024-08-07
633b9500-9650-4f84-a4ab-032f7c24b0fd,Beth,Carri,.@yopmail.com,United States Minor Outlying Islands,2023-07-22
19944779-d32d-422b-bc3c-e145cdc42d2e,Alisha,Wilkinson,.@yopmail.com,Italy,2022-01-01
bf770956-e590-4514-b732-1b7c679a8c31,Renae,Ferino,.@yopmail.com,Japan,2021-06-20
267fe3f4-633a-45ed-8df6-ca468c072b91,Ketti,Pattin,.@yopmail.com,Haiti,2023-07-26
ab99f194-96ba-498f-9add-821844a5e082,Petronia,Lamoree,.@yopmail.com,Burundi,2023-08-03
6788c378-1755-4b6b-bf04-aca27f709487,Melanie,Wenda,.@yopmail.com,"Cote D""Ivoire",2024-04-29
efe9a26e-e7ec-48fd-9403-bc2be78da654,Vinita,Pillsbury,.@yopmail.com,"Micronesia, Federated States of",2022-08-16
aa4fe0c3-2153-4265-8577-7bf64b975285,Brietta,Bashemeth,.@yopmail.com,Honduras,2021-03-11
840f572e-83d7-4ea5-85f6-41dc089d993f,Lucille,Tamsky,.@yopmail.com,Mauritania,2023-12-03
49ac1226-2bef-44c6-8977-48947a8e5c03,Margalo,Linehan,.@yopmail.com,Nicaragua,2022-04-04
a9d80d2c-2849-4ee6-b474-39622d4c685c,Sibella,Zuzana,.@yopmail.com,"Palestinian Territory, Occupied",2020-03-05
36d5da8f-50b4-4a7c-8092-c6068403e6a0,Judy,Keily,.@yopmail.com,Lithuania,2022-03-16
8e1ab926-5762-49d1-9e39-41e47faee1bf,Belva,Milson,.@yopmail.com,Spain,2022-04-25
78e65061-d10d-446f-890a-f796fb9a10b2,Loree,Ardeha,.@yopmail.com,Cook Islands,2023-10-27
53a87235-f5df-464e-8562-c00cdae438d7,Sandie,Berl,.@yopmail.com,"Macedonia, The Former Yugoslav Republic of",2023-05-22
8a8a7052-a986-4968-907c-a1bbbdb6a277,Tomasina,Eliathas,.@yopmail.com,Saint Lucia,2022-07-06
84a5441a-1fb5-4efa-961b-2fb843f25e53,Candy,Thad,.@yopmail.com,Bahrain,2024-03-28
40a51ae4-4318-45c4-93fb-8842c7ebd043,Beth,Sundin,.@yopmail.com,Cameroon,2021-03-19
39a2a5a7-72f9-40db-8e8c-7524f2986221,Pierette,Peti,.@yopmail.com,AndorrA,2021-06-30
59785818-f9fc-4e92-af05-8430011b44f7,Marguerite,Raimondo,.@yopmail.com,Belize,2021-10-14
9be7f4bd-07ca-4dd7-8a69-60df279bf5ff,Amara,Palocz,.@yopmail.com,Haiti,2020-06-08
a4fabe1a-b969-49a9-8743-5e275fceac35,Allis,Salvidor,.@yopmail.com,American Samoa,2022-11-15
9d2c8f43-8268-4459-bcff-86b07770c4d6,Regina,Charity,.@yopmail.com,Tunisia,2020-09-29
84cb3fe2-16f4-4ae1-9854-0c9d76c9bd9b,Shauna,Philoo,.@yopmail.com,Saint Kitts and Nevis,2023-09-03
3f0ebf15-10c4-48c7-bf00-07556013533a,Magdalena,Etom,.@yopmail.com,RWANDA,2023-04-06
d4d7e7de-647d-470d-b38e-9d20a423510a,Andree,Mike,.@yopmail.com,Kazakhstan,2023-09-07
275ac412-f8d5-4ffb-9c2b-22c3413cdac0,Georgetta,Schonfeld,.@yopmail.com,Martinique,2024-10-25
143b1675-5aff-4577-9ede-201f22fb7f25,Emma,Kendrick,.@yopmail.com,Holy See (Vatican City State),2024-11-03
cd627a67-72b5-4f2f-8835-9b790d5cf62b,Arlina,Ricarda,.@yopmail.com,Cambodia,2020-01-23
b327a994-f362-449e-aae4-2db5fc98a350,Ileana,Dorothy,.@yopmail.com,Colombia,2023-07-25
2fa31205-5687-47f3-bc1e-c8dcbd52e42b,Leia,Alejoa,.@yopmail.com,"Micronesia, Federated States of",2024-06-03
8fd2e08e-34c8-4880-8c23-504d1bba7b86,Peri,Bryna,.@yopmail.com,Falkland Islands (Malvinas),2020-05-31
22d90510-6810-4ef4-826c-e1d6723099c6,Alyssa,Vittoria,.@yopmail.com,Venezuela,2023-09-20
2357a03c-28c4-4d7f-948d-c1a53620a93d,Luci,Desai,.@yopmail.com,Pitcairn,2021-06-04
76bc49b5-a094-424b-bb79-3dcf69036adc,Maye,Hoban,.@yopmail.com,"Virgin Islands, U.S.",2023-05-19
bdbffa8f-490c-4574-be5a-33a97c7a0b15,Fina,Ajay,.@yopmail.com,Antarctica,2024-03-15
a877e485-ec28-421f-80b2-24d89debaa89,Clarice,Colbert,.@yopmail.com,"Macedonia, The Former Yugoslav Republic of",2021-10-28
0d968f27-191e-4a7e-9152-5b41dd62411b,Atlanta,Sikorski,.@yopmail.com,Spain,2022-01-23
0ccdb077-b5e3-4a5c-bde2-b2c7e0988466,Coral,Saree,.@yopmail.com,Angola,2023-03-20
488dc86f-544b-4649-a69d-879d2b6299ed,Leia,Rustice,.@yopmail.com,Panama,2023-12-27
613e92d2-3d87-48c3-a5e3-6a5ecd5b6995,Jean,Whittaker,.@yopmail.com,Bouvet Island,2020-12-04
c2026b72-6edb-4ccf-bca1-e6bd0e6dd74e,Shaine,Jerold,.@yopmail.com,Afghanistan,2020-09-05
33dff524-bf70-474f-978e-144c9e72877b,Viki,Hieronymus,.@yopmail.com,Barbados,2021-02-10
94030c61-2c75-4c95-a4d2-9099abdadddd,Joceline,Wu,.@yopmail.com,"Korea, Republic of",2022-09-06
ce729eb6-8105-4185-b938-398dfbc5ffe1,Frank,Weitman,.@yopmail.com,Togo,2023-02-27
981cff06-3351-4074-926b-1d63cc1ba8e6,Annecorinne,Lia,.@yopmail.com,New Caledonia,2023-01-16
3df4f0a5-162a-444b-a3b5-8e4226137840,Brandise,Karl,.@yopmail.com,Zambia,2023-09-06
e70032ba-03ba-441d-8b3f-180d7d97136c,Lorne,Juan,.@yopmail.com,Nepal,2021-07-08
542ba721-6710-4ec5-956e-90943091ddcc,Ira,Colbert,.@yopmail.com,Sri Lanka,2024-10-22
5011fd64-ad6d-457d-9127-2688d05d14dc,Lory,Eachern,.@yopmail.com,Antigua and Barbuda,2023-03-21
9faac55a-57be-41b6-984b-83af00342bb8,Arlena,Clara,.@yopmail.com,Latvia,2021-02-01
87da6719-92fb-4117-a9a7-714a505e4787,Alex,Kellby,.@yopmail.com,Saint Lucia,2024-08-10
98c8e61a-67b8-43b7-8037-d0f921b83aeb,Stephanie,O'Rourke,.@yopmail.com,Senegal,2023-06-01
c34ba0c0-160c-4178-a02a-41b6fbaead67,Sandie,Jorgan,.@yopmail.com,Latvia,2021-01-09
d121fdc0-c2d2-4bc6-a5d6-0f58a021d459,Candy,Jillane,.@yopmail.com,Gabon,2022-06-29
b5f826e4-7dda-4a10-8bf5-f2c764d1c0b6,Fernande,Bakerman,.@yopmail.com,Peru,2023-08-26
ab8bfca8-0257-4c3d-aa5d-3adc11d091fd,Lelah,Ovid,.@yopmail.com,Palau,2022-12-27
50fde70f-63fe-4359-bf29-af4e4e7ce9ba,Berta,Ambrosia,.@yopmail.com,Papua New Guinea,2020-12-17
69ee0d53-9571-4207-8105-71fcb6e0b8c4,Dari,Parette,.@yopmail.com,Lithuania,2021-04-17
2bfa87df-69db-442e-ad96-c43f40aa4cc7,Cristabel,Aurelio,.@yopmail.com,Hungary,2022-02-13
3fc149bb-34dd-47d1-8741-f4832d661034,Rani,Daniele,.@yopmail.com,United Arab Emirates,2023-04-18
79d5db16-be79-4a78-9b42-a573e4114f31,Mureil,Ramona,.@yopmail.com,Yemen,2022-12-07
d45270cf-c28d-469d-a112-a93c085599b1,Gabriellia,Eachern,.@yopmail.com,Barbados,2021-01-09
fe87206a-9c6b-4f44-a025-60b4ef8e2544,Sharai,Percy,.@yopmail.com,Chad,2022-09-26
a67461aa-6d43-4b3e-917c-1db4a3904430,Fanny,Jarib,.@yopmail.com,Djibouti,2021-09-10
b8d533db-71fe-411b-8af2-34ec067185b7,Chastity,Morgun,.@yopmail.com,Uganda,2021-04-03
e90ae20d-e664-44c4-969a-b38e44a1f28f,Danika,Rogerio,.@yopmail.com,"Cote D""Ivoire",2024-01-02
958c94e0-7d11-4c44-bdb9-6c74d95929bd,Aurore,Shaver,.@yopmail.com,Turkey,2020-10-14
07959bee-64d6-4e03-8818-3a1b472104cc,Hildegaard,Nickola,.@yopmail.com,Guinea-Bissau,2021-11-30
bf7db18c-d094-442a-bbf6-a1ff2e07b157,Talya,Stacy,.@yopmail.com,Austria,2022-10-08
c7c0c91d-b4bc-46d9-b8ac-de5679b59e29,Sheelagh,Randene,.@yopmail.com,Bermuda,2023-05-29
4fecbe61-cc8c-456a-b729-c9dce0667551,Annaliese,Arne,.@yopmail.com,Guinea,2022-01-07
2386137f-f7f5-4e76-8951-96c73ca2de07,Daune,Boycey,.@yopmail.com,Nauru,2024-12-06
7c8a0acc-45a9-4266-a40b-50aba7946729,Ninnetta,Sprage,.@yopmail.com,United Arab Emirates,2024-02-12
a01dd00f-d68f-4fd7-87e0-2a0f500b9241,Binny,Chinua,.@yopmail.com,Montserrat,2023-03-26
a46d7e35-c767-47ba-9165-5e00ba4a57e1,Fidelia,Kirbee,.@yopmail.com,Antarctica,2023-10-07
14ca4ab2-027b-4664-a1c2-11f60aef4114,Angela,Maiah,.@yopmail.com,Chad,2024-09-14
debab17e-d644-4127-866a-97b031f0328e,Ketti,Ephrem,.@yopmail.com,Christmas Island,2022-09-06
be9637c3-df46-4329-97ec-968907762b1d,Averyl,Lemuela,.@yopmail.com,"Korea, Democratic People""S Republic of",2023-02-19
b0cf77ab-52e3-4cbd-9ce1-c4100f42444a,Miquela,Jacinda,.@yopmail.com,Saint Lucia,2023-10-03
8b2f3175-bbbe-4762-90cb-d8ffcfda4ce0,Ana,Hurley,.@yopmail.com,Panama,2022-11-27
a920ff66-a659-41bc-b491-5ac7366b4de8,Priscilla,Gaynor,.@yopmail.com,Panama,2020-08-22
90b80e65-7b65-440a-af66-161a09e994e5,June,Iphlgenia,.@yopmail.com,United Kingdom,2020-10-31
0cb2963b-9c11-47ee-8560-a838be13cdd3,Arabel,Dermott,.@yopmail.com,American Samoa,2022-08-09
d548ae89-c6b8-441a-a5b9-55271925e2af,Shandie,Vary,.@yopmail.com,United States Minor Outlying Islands,2021-02-06
b0daa44c-f877-423f-80da-55755878ee2b,Susette,Ricki,.@yopmail.com,Turkmenistan,2021-09-10
05313f22-891e-4fe7-8e64-e8d5212fb800,Nanete,Noman,.@yopmail.com,"Lao People""S Democratic Republic",2020-03-30
3a2c183a-dcaa-44a1-9834-46e7f362ffa5,Latisha,Gilmour,.@yopmail.com,Ireland,2020-09-28
579ba665-4133-4a69-a64e-3918f0890187,Josephine,Trey,.@yopmail.com,Benin,2023-08-17
f7d64744-c54e-4c91-8d14-ca6f18d7708d,Ketti,Germann,.@yopmail.com,Svalbard and Jan Mayen,2024-11-05
8d00fb95-3221-44a0-a052-182702a5d35f,Shaylyn,Tufts,.@yopmail.com,Congo,2022-11-12
b18cb1e8-3916-492c-996a-00ae06e57cc9,Rebeca,Kristi,.@yopmail.com,Lesotho,2021-04-14
44ff5951-55bf-4438-9319-511b5f3c1613,Sidoney,Gaal,.@yopmail.com,Sao Tome and Principe,2020-07-21
54da0e0f-575d-41f1-8766-981ccf9b9ca0,Claresta,Phyllis,.@yopmail.com,Bosnia and Herzegovina,2024-07-13
3ec285af-9086-4894-9acd-9214f2ee5e75,Violet,Judye,.@yopmail.com,Netherlands,2021-08-07
7a70ce0e-bb08-46bb-bf25-a05575a5ebd9,Allis,Gaulin,.@yopmail.com,Hungary,2023-02-03
88e7af15-5384-490d-aa67-1ecf30859dc2,Letizia,Weide,.@yopmail.com,Iraq,2021-11-07
a306a2be-ce53-4a14-8017-e434ead0c5fb,Kellen,Frendel,.@yopmail.com,Maldives,2024-09-24
ac8570f8-ef8c-44c8-a628-954e3dca2b8f,Annice,Lunsford,.@yopmail.com,Tonga,2020-06-09
c3cdb167-4ef4-45cd-8fd4-e9349fbf0524,Justinn,Marijo,.@yopmail.com,Bhutan,2020-05-30
45856156-11bb-4f73-bb83-7148c0abe9ea,Katleen,Bendick,.@yopmail.com,Kuwait,2023-10-27
5f833d39-0c4e-40ac-bf90-3e642867c5d2,Gabriellia,Peti,.@yopmail.com,Antigua and Barbuda,2022-12-19
8aaa2736-2a05-4211-8032-7bf45ef1dc10,Deedee,Pelagias,.@yopmail.com,Cameroon,2020-11-20
2da34609-03d7-441f-bb10-8a5864c77726,Ricky,Germann,.@yopmail.com,"Lao People""S Democratic Republic",2020-04-09
d3f1df27-6d9a-4ecf-856f-1f1181bf5a91,Marsiella,Morrill,.@yopmail.com,Saudi Arabia,2021-07-19
1c7a534c-48d7-444b-9492-c61cf011c9a8,Brandise,Hathaway,.@yopmail.com,Panama,2021-11-10
2a38962b-9f60-4e1c-8e06-868197fde237,Sidoney,Damarra,.@yopmail.com,Gabon,2020-06-14
1d8ada04-ca5e-4e52-bc43-cfd0b3c0f1df,Dorothy,Westphal,.@yopmail.com,Pitcairn,2020-03-03
7c99507a-6341-4fc6-a6a1-7ec653e58a1c,Cristabel,Arne,.@yopmail.com,Yemen,2022-10-25
01d6623c-2740-4494-b5af-ccad73a6e697,Christal,Daveta,.@yopmail.com,Paraguay,2020-08-20
e366e876-d7ac-4387-854f-10ee6292dc1c,Valli,Christal,.@yopmail.com,Cocos (Keeling) Islands,2021-01-31
269504b0-41b2-4740-b44d-2242ba72d686,Paule,Iaverne,.@yopmail.com,Holy See (Vatican City State),2020-05-24
21d543d7-3e3d-4797-b2c9-c753baeb4966,Carmela,Bury,.@yopmail.com,South Georgia and the South Sandwich Islands,2024-12-29
b81ebeb9-49f8-49f2-bb45-8f4345beb2ad,Tybie,Allina,.@yopmail.com,Equatorial Guinea,2023-06-13
d7ace6fb-75be-431d-abb1-e27db799fff5,Mildrid,Loleta,.@yopmail.com,Portugal,2021-10-11
f215be01-680b-42ed-8f2c-6b6df2ed8d1e,Dari,Publia,.@yopmail.com,Bermuda,2024-04-04
616e42b9-2e35-4e8a-a1e3-b3dc5576739d,Evaleen,Milde,.@yopmail.com,Cocos (Keeling) Islands,2020-04-21
3f97af4f-c10a-482c-a8a7-5c3e9631b701,Lusa,Sigfrid,.@yopmail.com,Belarus,2021-01-15
ecf4172f-eb8e-4785-8494-f90dcbadefd8,Chrystel,Clie,.@yopmail.com,Portugal,2020-01-19
abc6561d-ced6-4e04-9642-1f012b577c98,Tatiania,Joli,.@yopmail.com,Viet Nam,2022-02-13
64945251-43ef-464a-9e5b-42859151f7a5,Chloris,Karylin,.@yopmail.com,Gabon,2020-09-03
4779c71a-cbc1-43a5-bfb4-4ba9b1aca129,Jany,Loeb,.@yopmail.com,Denmark,2022-10-26
09d84a1b-8ef2-4041-9d2f-3fdbdc3fa29e,Dotty,Jaylene,.@yopmail.com,Equatorial Guinea,2024-08-24
78e8e9a8-acf3-4bcd-b189-9c9cfff5346a,Blake,Francyne,.@yopmail.com,Turkmenistan,2020-11-20
601631a1-4472-4da6-9ccb-e0957ce0c056,Kristan,Hylan,.@yopmail.com,Nepal,2023-11-09
c83629cb-a903-4550-8711-7d264bc3189d,Lindie,Lory,.@yopmail.com,Turkmenistan,2023-08-14
4ba31753-53e7-4fa5-9cc2-8b4a37cdacf9,Julieta,Nerita,.@yopmail.com,Montserrat,2024-12-01
949eb1f9-f5d5-49e5-acfa-be925de8d1e5,Chloris,Ortrude,.@yopmail.com,Nigeria,2024-05-15
4ddbc1cc-290c-469f-8e09-7cf388b38fd4,Teriann,Merriott,.@yopmail.com,Nauru,2024-04-01
d7fa6c98-52f3-4d12-850a-a4edfac3aec0,Lynea,Cassius,.@yopmail.com,Madagascar,2020-09-02
2fa1ebba-894a-4316-876c-1691742049af,Tobe,Kunin,.@yopmail.com,San Marino,2020-02-09
2ba80165-f593-4a5b-a4b9-092f65e222de,Meghann,Grayce,.@yopmail.com,Switzerland,2023-11-03
8ca88c9e-898b-4441-bff5-a125dfd8e249,Hettie,Reinke,.@yopmail.com,Qatar,2021-02-14
03740356-6dc4-4ed8-857a-05f28c31656b,Christal,Colyer,.@yopmail.com,Gibraltar,2021-01-23
54b4d749-fcb4-4526-aab7-8a1fda012943,Layla,Naor,.@yopmail.com,Mexico,2022-12-02
0c3001ca-e330-46a8-b075-82584caaf187,Kerrin,Thunell,.@yopmail.com,Switzerland,2021-11-10
dda0062f-ae93-4044-a535-d71f0595e1b5,Ermengarde,Niles,.@yopmail.com,Seychelles,2023-08-27
f2440042-1837-4585-b4c3-c327d126d438,Jorry,Jobi,.@yopmail.com,Senegal,2023-10-29
e6eccaa7-ed3f-4e22-a5da-c2ba9023e511,Audrie,Berne,.@yopmail.com,"Tanzania, United Republic of",2024-09-01
c19d3bd7-1949-41fa-a324-0cddbdc59251,Hallie,Glenden,.@yopmail.com,Liberia,2021-05-27
3bd8117e-5183-4dd6-8c8f-d28caecbaeb9,Netty,Peti,.@yopmail.com,Equatorial Guinea,2024-12-10
5c54a180-dfaa-4256-98dc-cfd57ed4df23,Lily,Weinreb,.@yopmail.com,Albania,2021-12-08
10a34143-93cd-4c25-8e44-2ab3c552ae76,Lila,Chick,.@yopmail.com,South Africa,2020-12-02
232aee15-cb96-4388-ae9c-b4fc28ec9754,Jacenta,Gregrory,.@yopmail.com,Congo,2024-02-23
df8ad369-b33a-4dd6-bec3-1bb958d060e3,Ketti,Sprage,.@yopmail.com,Tunisia,2022-08-03
7281b130-667e-4ce7-b5b6-70cd5fcc9ce6,Caryl,Ezar,.@yopmail.com,"Moldova, Republic of",2020-09-19
b0f2e2f4-68d8-4bbd-924c-2386bc680295,Bobinette,Liebermann,.@yopmail.com,Fiji,2024-12-20
518597f5-9286-424c-a9e6-6a1fb011dc44,Roseline,Grosz,.@yopmail.com,Montserrat,2022-02-05
be598a5b-091a-43e8-97ed-26fd63060e8b,Shel,Holbrook,.@yopmail.com,Antigua and Barbuda,2024-12-05
82451d3b-80ea-468b-97af-8fe105136e6b,Sonni,Markman,.@yopmail.com,United States,2024-12-23
5330c3bd-8fb6-4b68-867e-525b95c21dbd,Linzy,Wildermuth,.@yopmail.com,Nauru,2023-11-20
b37c5bbb-5b54-47d7-849f-c9f1ea5569f6,Jenda,Zachary,.@yopmail.com,Gambia,2024-05-01
969e6034-ab7c-4efd-9dd6-169a216bd324,Selia,Federica,.@yopmail.com,"Macedonia, The Former Yugoslav Republic of",2024-05-28
67a7b5dd-7498-4f5c-b7f4-74557d9c4895,Dorthy,Peonir,.@yopmail.com,Eritrea,2021-02-11
12907a3d-5a54-4173-b556-d7e6a86cbf8c,Marjie,Joseph,.@yopmail.com,Guinea,2024-07-04
daa6fee0-5d99-4cdc-ab43-df780089c13c,Deane,Briney,.@yopmail.com,Angola,2023-05-10
64d83c81-0d4b-4bf1-b362-a9cd0e2f327e,Carree,Harl,.@yopmail.com,Tokelau,2022-07-03
04ebd029-9746-43b8-bc0b-d6ab97dd1fd5,Zia,Rocray,.@yopmail.com,Grenada,2021-10-12
466cf3fc-f4ea-4c80-8193-fc0fc53e53fe,Heddie,Ader,.@yopmail.com,Lesotho,2020-01-09
92107355-efb2-46e5-a116-83c9c3a40207,Kara-Lynn,Diann,.@yopmail.com,Indonesia,2020-10-04
dc0d8bc1-6843-4103-8491-9b3ea7a438e4,Rubie,Emerson,.@yopmail.com,Niger,2021-12-10
19b7c95f-d609-4864-af04-698bc7df4fb9,Josephine,Emmy,.@yopmail.com,Bangladesh,2020-04-21
dabc6fe8-b6a9-411a-b9f7-b79a98587ca4,Celestyna,Decato,.@yopmail.com,Saint Lucia,2024-07-08
ffbc4498-444b-42f0-9540-e468e1085230,Madalyn,Strephon,.@yopmail.com,China,2020-06-12
7f8a3d6d-d587-451f-affb-e02767669d2b,Aigneis,Ardra,.@yopmail.com,Lithuania,2020-03-17
9e3ecda1-b8ca-44f2-91d2-42c5c5689130,Giustina,Hailee,.@yopmail.com,Jordan,2023-04-29
7d309531-3563-4c6e-b433-71e3f347a48f,Nadine,Calhoun,.@yopmail.com,Gabon,2020-06-04
eeb87361-8cec-4d50-ba29-89ed31e31d57,Fanny,Roumell,.@yopmail.com,Belgium,2022-03-12
3f18903d-f787-48e0-b070-28a3f074220a,Melanie,Kannry,.@yopmail.com,Tonga,2022-07-29
ed4a7f48-c4a0-4f64-abd6-5a7ed0c54d6b,Hollie,Maiah,.@yopmail.com,Malta,2023-10-09
0d988dbc-0ddb-4c63-94a2-4b297b9d93ba,Madalyn,Joli,.@yopmail.com,Christmas Island,2020-10-19
1871629e-9c9e-4396-8fd1-76208a3acceb,Yvonne,Calhoun,.@yopmail.com,Belize,2020-05-03
22a11ffe-305c-474e-8169-a6ead2628ec3,Carree,Elvyn,.@yopmail.com,Nepal,2021-07-31
b3ec1410-8fc5-456d-8721-c7d3209775d4,Dulcinea,Delacourt,.@yopmail.com,Svalbard and Jan Mayen,2024-09-24
c3786c8c-1ef6-4af9-88b5-36081a1d16bc,Anthia,Posner,.@yopmail.com,Turks and Caicos Islands,2022-03-04
a4d2b6a9-6b45-4974-8f6e-be6129870886,Karena,Leffen,.@yopmail.com,Iceland,2020-12-26
0bcd80e3-257b-4da6-8e4a-a1b1af78064e,Aurore,Calhoun,.@yopmail.com,"Lao People""S Democratic Republic",2023-04-28
70b15c9f-6dd6-4165-a5e7-2a818eab4b07,Maridel,Kalinda,.@yopmail.com,Saint Lucia,2022-01-09
8eb91af3-aaea-4091-bfd0-c1f1a9168602,Ardeen,Georas,.@yopmail.com,United Arab Emirates,2022-03-09
66324f0f-1341-47b8-a9e1-e88132a60952,Janis,Alva,.@yopmail.com,Guadeloupe,2024-12-01
dfdfd1d6-60f8-415b-818c-abc8e908a770,Lonnie,Slifka,.@yopmail.com,Congo,2023-11-22
4bc32db6-234c-464d-bfb3-a1f1f3ee19f4,Brena,Jalbert,.@yopmail.com,Mexico,2022-07-20
3ca16582-7196-4ccb-93da-1204a167e5f8,Marika,Pelagias,.@yopmail.com,Pitcairn,2020-04-15
0ec296e6-b31c-4397-8ce4-945f5562b794,Ada,Pernick,.@yopmail.com,Ghana,2022-05-25
7d7eabc5-73a6-483f-8611-bd73a21785af,Farrah,Dahlia,.@yopmail.com,South Africa,2021-03-20
69a20574-9035-47f2-8bca-e3277752c2b2,Kayla,Han,.@yopmail.com,RWANDA,2022-06-09
093d71e1-518e-4288-a62e-58a2acebac1b,Rhoda,Ciapas,.@yopmail.com,Brunei Darussalam,2021-01-30
48a9285d-bc3b-4764-b0de-a77d65b7812f,Dulce,Gilmour,.@yopmail.com,American Samoa,2023-11-01
c8ac4add-c3f5-4af2-a02f-98e493f37ee1,Joelly,Faso,.@yopmail.com,Chile,2022-04-04
eb665bf7-a1d8-4740-889c-972d8a34bf26,Merle,Erminia,.@yopmail.com,Western Sahara,2023-11-13
5e41f67c-1f1a-4609-9023-6b77fa81f1f2,Trixi,Rustice,.@yopmail.com,Swaziland,2023-10-04
e429b86c-a7cd-459b-8042-f7d05b9d80c8,Rosanne,Blake,.@yopmail.com,French Polynesia,2020-09-27
f2018a5c-7452-439b-ad67-c0a280a17255,Britte,Lumbard,.@yopmail.com,Lesotho,2024-12-27
0449fda7-33fb-403c-bda0-8722e2d94388,Adelle,Kelula,.@yopmail.com,Paraguay,2022-09-22
c1e94ba2-93e9-46cc-92fa-4c84f6508803,Althea,Newell,.@yopmail.com,Sao Tome and Principe,2023-06-14
0859a83e-f1fe-4cf9-8831-8a4fbe798519,Nollie,Brian,.@yopmail.com,United States,2024-05-03
fc1099fc-7655-4c75-b593-e95d542b2206,Shannah,Presber,.@yopmail.com,Nigeria,2022-03-24
c4b31da3-e5f8-412b-9647-5d936b37403f,Harrietta,Fitzsimmons,.@yopmail.com,Bulgaria,2021-09-06
f1b2b081-fe88-4667-91db-3af4f0d9d35b,Dawn,Deegan,.@yopmail.com,Australia,2023-10-24
b6101185-b006-4387-a73e-bd210278c663,Gwyneth,Pattin,.@yopmail.com,Guatemala,2023-09-16
f8d15a69-365a-4ec6-b9b1-0b00f0450856,Helena,Bibi,.@yopmail.com,Serbia and Montenegro,2020-11-18
64f2483a-f4a0-4b16-8d3a-a328694f4ce7,Jeanna,Berard,.@yopmail.com,Guam,2022-11-27
ea5c9aee-9951-4b28-89e6-cb6a12dc5bea,Nariko,Wareing,.@yopmail.com,Papua New Guinea,2022-10-18
54b13759-a056-4dc2-a073-99d4a1a7dde5,Sonni,Revkah,.@yopmail.com,Gabon,2021-03-30
e5993ee5-f483-4d6b-ad99-b85995d6fbe7,Nicoli,Trinetta,.@yopmail.com,Central African Republic,2023-05-21
d5e3ff47-9f56-4b9e-aea1-ef08442738b3,Brynna,Philoo,.@yopmail.com,Saint Vincent and the Grenadines,2020-08-20
d6606209-4869-4541-876f-4243143e1e98,Fanchon,Jehu,.@yopmail.com,Brunei Darussalam,2021-12-24
7fddef14-ea00-46e2-851d-8b70198b1feb,Gratia,Uund,.@yopmail.com,Germany,2021-01-17
73aeb2ff-dded-4fbf-849c-5ffdfc5bc278,Ofilia,Fillbert,.@yopmail.com,Bolivia,2023-03-19
481f8306-e2b6-41e8-882f-3a9053e36a97,Sophia,Berl,.@yopmail.com,Ethiopia,2022-12-03
9a8303b7-9183-465c-a477-cffea366abfc,Livvyy,Amadas,.@yopmail.com,Nigeria,2023-08-03
f987035d-0a35-4e05-b999-01fc89ddee99,Jolyn,Whittaker,.@yopmail.com,Niger,2023-06-15
39c9e2f8-ce28-467e-a747-b4db26940362,Vinita,Kinnard,.@yopmail.com,Ethiopia,2021-09-07
e769a728-de85-4c6a-8626-adb848e81919,Flo,Rogerio,.@yopmail.com,Canada,2021-09-06
34c519ee-1413-4b63-8086-c2145d9e88bc,Janenna,Ehrman,.@yopmail.com,Monaco,2022-07-11
47d66114-9716-424f-8f6f-32b5da97454d,Goldie,Haerr,.@yopmail.com,Sierra Leone,2023-04-04
5072457f-f315-4663-9418-56027abdc9e6,Penelopa,Halsey,.@yopmail.com,Guinea-Bissau,2024-03-29
8e7221c9-61a2-4176-bfef-fa3671c05929,Dulcinea,Ovid,.@yopmail.com,Liberia,2022-07-20
d64a84ae-f6a6-479c-90a3-68e161a27dc4,Lulita,Morrill,.@yopmail.com,Dominica,2022-06-13
4499a2ce-6f49-422b-b875-e7f2613febe3,Viviene,Abernon,.@yopmail.com,"Iran, Islamic Republic Of",2022-09-13
9f5fedb7-f3c4-4dcb-bb93-bd39708c546b,Morganica,Frodi,.@yopmail.com,Israel,2023-10-01
eb7a7a4b-fb5c-4653-8de8-b24024f40870,Jobi,Lytton,.@yopmail.com,New Caledonia,2024-05-13
8907d8aa-c5dd-4656-be5a-3eae8fe18607,Gabi,Sisile,.@yopmail.com,Argentina,2023-03-25
a8eab497-a48a-46be-85e9-d94048112894,Melanie,Nikaniki,.@yopmail.com,Wallis and Futuna,2022-10-08
84602c7a-781b-4beb-aea0-542cbb3f264d,Max,Fadiman,.@yopmail.com,"Virgin Islands, British",2022-07-12
7375ae87-0317-4d55-a505-94ad6cd4d80d,Kassey,Philipp,.@yopmail.com,Northern Mariana Islands,2023-04-11
bf5bbd47-e7b0-4d61-975a-2fa88c11130b,Elka,Weaks,.@yopmail.com,Isle of Man,2020-12-02
5b80a228-23d1-48ea-beab-9f57a0582d8a,Perry,Ephrem,.@yopmail.com,Hungary,2024-12-12
f1533126-a9f4-48c3-8533-89469a4d2706,Lulita,Klemperer,.@yopmail.com,Burundi,2022-12-30
633915c6-45bd-4f54-a0eb-4820bec31ce8,Jemie,Hutchison,.@yopmail.com,Albania,2022-01-10
cbd88b5e-527a-4939-83e4-145ae81a754b,Rubie,Malvino,.@yopmail.com,Guernsey,2023-09-25
5105b9ca-ab9d-42d7-bdc2-1d0581093f7b,Belinda,Thilda,.@yopmail.com,Argentina,2021-12-31
7ff4dfb8-3afe-4be3-8688-9e597159f275,Deane,Wenda,.@yopmail.com,Singapore,2023-08-20
f1e5e772-7cea-410e-913f-42f2b732926b,Oona,Revkah,.@yopmail.com,Panama,2022-06-11
3c0b4523-45b7-409c-9cff-811f27452da9,Claresta,Kalinda,.@yopmail.com,Saint Pierre and Miquelon,2021-11-23
55d23a88-24e5-4a65-805f-345d7bc588d4,Florie,Jess,.@yopmail.com,Hungary,2020-02-03
f2a6b6b7-00b1-4698-a475-9f67b6b9b68a,Dulce,Lucienne,.@yopmail.com,Portugal,2023-02-19
7fca02ae-b259-46ce-9bcc-0f874b7dc7cd,Nessie,Gombach,.@yopmail.com,Jamaica,2023-07-30
bcbb2bf5-40be-4208-bddb-a41538dbcf43,Lucille,Cleo,.@yopmail.com,Aruba,2020-05-29
51bc4aca-4c75-4fb0-a16b-e5c99b8bdc6b,Gwyneth,Nisbet,.@yopmail.com,"Virgin Islands, U.S.",2023-12-13
fbab6e17-16e7-40fa-88d5-19471ada9505,Janenna,Mich,.@yopmail.com,Tajikistan,2024-03-22
eebe2b1d-7156-4de1-9fb5-97b979fff594,Gilda,Bahr,.@yopmail.com,Kenya,2024-07-07
d96f2f50-4c6b-47e5-a715-7b197d2957a0,Sashenka,Richers,.@yopmail.com,Barbados,2021-09-29
aaa36371-6ec6-4b66-b704-bb584c001ece,Yvonne,Cottle,.@yopmail.com,Haiti,2020-01-04
33b673ff-9ad9-4823-95a4-afd6ddc98ff4,Collen,Rugen,.@yopmail.com,Afghanistan,2024-01-12
80fab8b7-9709-4561-85d2-eb67c29af3ae,Elka,Thilda,.@yopmail.com,Wallis and Futuna,2020-09-10
208b9f43-9d7d-454c-b3af-b2365cf2dabc,Dagmar,Eachern,.@yopmail.com,Spain,2020-12-20
12be2f29-d2d9-4b2e-a71b-399efc75eb74,Jaime,Natalia,.@yopmail.com,Costa Rica,2020-04-01
740cd245-886b-4332-8f5c-21f50a63aada,Janis,Dalli,.@yopmail.com,Cuba,2023-07-10
82691416-bb7f-40d4-9cd6-9e17a2b29dd0,Violet,Kenwood,.@yopmail.com,Austria,2020-06-25
54eda0e1-e11b-4d79-9b0e-84936ea3a4c7,Charissa,Papageno,.@yopmail.com,"Palestinian Territory, Occupied",2022-11-05
b3b510d6-55e8-462d-8b0f-8c43518e3a38,Anica,Corilla,.@yopmail.com,Portugal,2021-05-16
edfb8d7d-dd0a-4c6c-a159-f559224d455a,Jacenta,Gibbeon,.@yopmail.com,Romania,2023-04-25
f229b1ca-3f52-4860-8372-93a90fc2a92b,Mara,Skurnik,.@yopmail.com,Brazil,2024-04-20
ee5a192e-12c0-4f76-80f1-e12295010e77,Dari,Clara,.@yopmail.com,Antarctica,2021-09-25
3a2fe7fb-6c39-4c7b-8ab3-8acd7c254c4c,Tatiania,Judye,.@yopmail.com,Angola,2021-04-22
e6adff7b-f2cd-4289-a41a-90356b586f2f,Kellen,Stephie,.@yopmail.com,Sri Lanka,2024-02-25
8fce15ba-fec2-4d4d-bcb2-f41676d5d5fd,Sadie,Gower,.@yopmail.com,New Caledonia,2020-07-20
623530f4-f98e-4f29-b7a9-25be3aee71d7,Genovera,Othilia,.@yopmail.com,Åland Islands,2020-06-11
84408f8e-f38d-4f65-bc5c-1ba634dda4a0,Louella,Chrystel,.@yopmail.com,Cuba,2020-07-01
c4495b41-4e00-44f6-8c5a-9953d83152c9,Rori,Engdahl,.@yopmail.com,Ghana,2020-06-25
fd58065d-c588-47b9-8325-1ba4a46266f8,Kylynn,Leopold,.@yopmail.com,Niue,2023-09-22
ff8f7d8e-25c3-4cd3-bb39-e0961f4b6b09,Pierette,Han,.@yopmail.com,Guatemala,2022-02-06
75c1cb52-7680-43d6-9fd3-4c0513cb95bd,Amalie,Kirstin,.@yopmail.com,Italy,2022-07-05
904bd1b0-a3b1-49e7-9d20-aeab7aa26837,Agnese,Waite,.@yopmail.com,Equatorial Guinea,2024-03-02
eb3a8823-25dc-4a94-a305-71c5daf47f53,Marnia,Urania,.@yopmail.com,Palau,2023-02-07
a3bbd796-83c8-4868-9869-f3c04d109a21,Gianina,Hortensia,.@yopmail.com,Mexico,2020-12-31
2b36dad9-fec1-4f0e-9a32-ffaacbbb8027,Wilma,Mathilde,.@yopmail.com,British Indian Ocean Territory,2020-12-20
c1b3a0d4-d33f-41f5-b51a-87017d9f2296,Christian,Bebe,.@yopmail.com,Swaziland,2020-04-29
f45c2fde-1e3a-41bc-bb9e-1e5a0af59116,Tressa,Hilbert,.@yopmail.com,Gabon,2023-03-24
e0daf222-54c0-4e4c-bbe7-96e7d9aec37c,Basia,Briney,.@yopmail.com,Japan,2024-01-19
e0693115-a6cb-4340-9a27-40ce51a5a60f,Shauna,Mehalek,.@yopmail.com,Guernsey,2021-07-29
a762ee06-9dd0-43b4-a1d6-9a308e3356b6,Florie,Hoenack,.@yopmail.com,Antarctica,2020-03-05
e1a099bf-f4a2-4d3b-b975-c96a6c2b2a7d,Karlee,Shuler,.@yopmail.com,Holy See (Vatican City State),2023-03-09
bd43b40e-9eb0-4572-975a-611fb1401c28,Lesly,Lilas,.@yopmail.com,Bolivia,2020-08-30
5d01a11a-0642-4dbc-abf3-9ececd9311d7,Tamqrah,Schonfeld,.@yopmail.com,Bosnia and Herzegovina,2020-12-29
77e9ac0e-c8c2-4a61-8b85-edca73b61ee6,Karina,Jagir,.@yopmail.com,Pakistan,2021-12-05
f7941362-c715-4f7c-97b7-4caa411e2902,Johna,Gunn,.@yopmail.com,Botswana,2021-11-12
0d969745-d446-4035-ab79-37e24d3b6b1e,Sue,Merna,.@yopmail.com,Romania,2024-03-24
817d6741-8386-49d5-84eb-4e010d373d23,Roxane,Lynn,.@yopmail.com,Congo,2024-12-23
c75b470c-0543-42d2-9b34-49421f4fc96b,Augustine,Bultman,.@yopmail.com,Congo,2022-03-11
c89b5c25-cb5a-474d-bbca-50efc7afb595,Deedee,Hilbert,.@yopmail.com,Spain,2022-08-02
fc5f5e63-6986-405e-895d-c69215b33ef3,Ida,Lalitta,.@yopmail.com,Grenada,2021-01-29
a28b2c58-fd4d-45f9-8a44-a31aaaaa22f7,Amara,Quinn,.@yopmail.com,Burundi,2023-10-28
9326c107-1ba6-4d1f-a03d-4c32e424f135,Claresta,Chrystel,.@yopmail.com,Sweden,2023-01-21
f5571799-2767-4a37-a4c0-8afc40103024,Ida,Brian,.@yopmail.com,Namibia,2024-01-03
0157aacb-f776-4195-af17-4056041825d3,Kittie,Roxanna,.@yopmail.com,"Korea, Republic of",2024-02-12
b1877f10-0fd7-456f-9edd-585e4dedda31,Annice,Schlosser,.@yopmail.com,"Cote D""Ivoire",2020-06-09
34e444cb-bc9c-422b-a21c-bd0224bf0ba5,Oralee,Stuart,.@yopmail.com,Antigua and Barbuda,2021-06-12
9611bfd3-fe1a-4ec2-8f98-06220354afa6,Cherrita,Jacinda,.@yopmail.com,Saudi Arabia,2022-09-23
27ed4786-ff4b-437a-97ee-d80be7baabc8,Yolane,Neva,.@yopmail.com,Grenada,2023-11-27
a1c09ce1-ce8a-4722-a42b-2550eef31e84,Brana,Simmonds,.@yopmail.com,Heard Island and Mcdonald Islands,2020-07-30
8999b212-1c07-45c2-8d68-2e94248062bf,Jenda,Percy,.@yopmail.com,Martinique,2021-06-26
e4289496-d532-4e74-b67e-1c7e950d80c5,Kaja,Klotz,.@yopmail.com,Canada,2021-02-19
f6888c0b-8043-4249-8bbb-6b512fe201c2,Ashlee,Mandler,.@yopmail.com,Bouvet Island,2024-06-29
f4d15093-766b-43c1-a919-416fd0fda9c5,Audrie,Shaver,.@yopmail.com,Zimbabwe,2022-11-19
1e3a0682-69db-4b40-882d-7b3d28b4d531,Carree,Gerge,.@yopmail.com,Syrian Arab Republic,2024-09-15
f9c4659d-e294-45f1-a98a-b0ba2afe23a1,Deloria,Naashom,.@yopmail.com,Gambia,2022-07-25
8a1a5e20-4679-4f72-929e-058f0610a82a,Nadine,Alfons,.@yopmail.com,United States,2022-08-13
b1984a36-bb2d-44b1-8be7-cc9f3005b84c,Sybille,Cloris,.@yopmail.com,Heard Island and Mcdonald Islands,2023-07-19
55c43d54-4a10-47ac-b79a-7a15788095b2,Rhea,Rad,.@yopmail.com,Guernsey,2024-09-16
5cd61028-d623-4889-89ab-29edd74dc8a2,Maridel,Lumbard,.@yopmail.com,Mozambique,2023-03-11
b79f7970-04a7-4225-8e89-1bad23c26f16,Hollie,Ralfston,.@yopmail.com,New Caledonia,2021-06-30
2a75f1b3-ffe8-4ee6-ad99-5d7a95459ba7,Eolanda,Pelagias,.@yopmail.com,Tonga,2022-12-26
cc064bfd-435f-42d4-a21c-e6bdbc531bed,Cam,Sisile,.@yopmail.com,San Marino,2022-05-10
df89fc5c-9c3f-4d6d-bbef-a93a2e6670a1,Lelah,Timon,.@yopmail.com,United States,2023-10-11